nsites,nclusts,sg,ss,se,variable,value
25.0,1.0,0.5,0.25,0.25,GCTA,0.648263
25.0,1.0,0.5,0.25,0.25,GCTA,0.645576
25.0,1.0,0.5,0.25,0.25,GCTA,0.664432
25.0,1.0,0.5,0.25,0.25,GCTA,0.655794
25.0,1.0,0.5,0.25,0.25,GCTA,0.663037
25.0,1.0,0.5,0.25,0.25,GCTA,0.66408
25.0,1.0,0.5,0.25,0.25,GCTA,0.6527270000000001
25.0,1.0,0.5,0.25,0.25,GCTA,0.640103
25.0,1.0,0.5,0.25,0.25,GCTA,0.661048
25.0,1.0,0.5,0.25,0.25,GCTA,0.669165
,,,,,GCTA,0.654623
,,,,,GCTA,0.685103
,,,,,GCTA,0.678203
,,,,,GCTA,0.6630229999999999
,,,,,GCTA,0.661852
,,,,,GCTA,0.664772
,,,,,GCTA,0.679555
,,,,,GCTA,0.658431
,,,,,GCTA,0.6614800000000001
,,,,,GCTA,0.6711229999999999
,,,,,GCTA,0.687936
,,,,,GCTA,0.686286
,,,,,GCTA,0.667524
,,,,,GCTA,0.710649
,,,,,GCTA,0.6952020000000001
,,,,,GCTA,0.679942
,,,,,GCTA,0.701801
,,,,,GCTA,0.6999770000000001
,,,,,GCTA,0.690275
,,,,,GCTA,0.646005
2.0,1.0,0.5,0.25,0.25,GCTA,0.668013
2.0,1.0,0.5,0.25,0.25,GCTA,0.657195
2.0,1.0,0.5,0.25,0.25,GCTA,0.6477729999999999
2.0,1.0,0.5,0.25,0.25,GCTA,0.655265
2.0,1.0,0.5,0.25,0.25,GCTA,0.6707850000000001
2.0,1.0,0.5,0.25,0.25,GCTA,0.673728
2.0,1.0,0.5,0.25,0.25,GCTA,0.671191
2.0,1.0,0.5,0.25,0.25,GCTA,0.6865100000000001
2.0,1.0,0.5,0.25,0.25,GCTA,0.658605
2.0,1.0,0.5,0.25,0.25,GCTA,0.672184
,,,,,GCTA,0.710884
,,,,,GCTA,0.710182
,,,,,GCTA,0.6912020000000001
,,,,,GCTA,0.7101350000000001
,,,,,GCTA,0.7203229999999999
,,,,,GCTA,0.713487
,,,,,GCTA,0.715917
,,,,,GCTA,0.69357
,,,,,GCTA,0.707071
,,,,,GCTA,0.6311100000000001
,,,,,GCTA,0.6610199999999999
,,,,,GCTA,0.663411
,,,,,GCTA,0.653434
,,,,,GCTA,0.655833
,,,,,GCTA,0.659863
,,,,,GCTA,0.6454270000000001
,,,,,GCTA,0.665529
,,,,,GCTA,0.660817
,,,,,GCTA,0.660145
,,,,,GCTA,0.682868
2.0,2.0,0.5,0.25,0.25,GCTA,0.702681
2.0,2.0,0.5,0.25,0.25,GCTA,0.688299
2.0,2.0,0.5,0.25,0.25,GCTA,0.700679
2.0,2.0,0.5,0.25,0.25,GCTA,0.666145
2.0,2.0,0.5,0.25,0.25,GCTA,0.7097359999999999
2.0,2.0,0.5,0.25,0.25,GCTA,0.70195
2.0,2.0,0.5,0.25,0.25,GCTA,0.7127899999999999
2.0,2.0,0.5,0.25,0.25,GCTA,0.735053
2.0,2.0,0.5,0.25,0.25,GCTA,0.708278
2.0,2.0,0.5,0.25,0.25,GCTA,0.666988
,,,,,GCTA,0.665347
,,,,,GCTA,0.655808
,,,,,GCTA,0.66254
,,,,,GCTA,0.657077
,,,,,GCTA,0.658257
,,,,,GCTA,0.676091
,,,,,GCTA,0.675127
,,,,,GCTA,0.6404810000000001
,,,,,GCTA,0.654462
,,,,,GCTA,0.6567689999999999
,,,,,GCTA,0.6754680000000001
,,,,,GCTA,0.673323
,,,,,GCTA,0.646233
,,,,,GCTA,0.6646489999999999
,,,,,GCTA,0.657916
,,,,,GCTA,0.6622939999999999
,,,,,GCTA,0.650587
,,,,,GCTA,0.661788
,,,,,GCTA,0.6669430000000001
25.0,1.0,0.5,0.25,0.25,GCTA,0.670909
25.0,1.0,0.5,0.25,0.25,GCTA,0.682275
25.0,1.0,0.5,0.25,0.25,GCTA,0.701163
25.0,1.0,0.5,0.25,0.25,GCTA,0.7197560000000001
25.0,1.0,0.5,0.25,0.25,GCTA,0.6824680000000001
25.0,1.0,0.5,0.25,0.25,GCTA,0.700585
25.0,1.0,0.5,0.25,0.25,GCTA,0.704888
25.0,1.0,0.5,0.25,0.25,GCTA,0.7132149999999999
25.0,1.0,0.5,0.25,0.25,GCTA,0.726398
25.0,1.0,0.5,0.25,0.25,GCTA,0.704937
,,,,,GCTA,0.699808
,,,,,GCTA,0.664808
,,,,,GCTA,0.716777
,,,,,GCTA,0.704344
,,,,,GCTA,0.688396
,,,,,GCTA,0.660591
,,,,,GCTA,0.702322
,,,,,GCTA,0.645233
,,,,,GCTA,0.720276
,,,,,GCTA,0.670423
,,,,,GCTA,0.692235
,,,,,GCTA,0.684241
,,,,,GCTA,0.680373
,,,,,GCTA,0.692688
,,,,,GCTA,0.695785
,,,,,GCTA,0.7092390000000001
,,,,,GCTA,0.654125
,,,,,GCTA,0.723222
,,,,,GCTA,0.687448
,,,,,GCTA,0.64699
25.0,2.0,0.5,0.25,0.25,GCTA,0.707475
25.0,2.0,0.5,0.25,0.25,GCTA,0.716626
25.0,2.0,0.5,0.25,0.25,GCTA,0.696025
25.0,2.0,0.5,0.25,0.25,GCTA,0.6979390000000001
25.0,2.0,0.5,0.25,0.25,GCTA,0.703291
25.0,2.0,0.5,0.25,0.25,GCTA,0.693587
25.0,2.0,0.5,0.25,0.25,GCTA,0.6824399999999999
25.0,2.0,0.5,0.25,0.25,GCTA,0.702382
25.0,2.0,0.5,0.25,0.25,GCTA,0.6947770000000001
25.0,2.0,0.5,0.25,0.25,GCTA,0.7064729999999999
,,,,,GCTA,0.716345
,,,,,GCTA,0.737908
,,,,,GCTA,0.713645
,,,,,GCTA,0.7072930000000001
,,,,,GCTA,0.700303
,,,,,GCTA,0.718679
,,,,,GCTA,0.701952
,,,,,GCTA,0.699567
,,,,,GCTA,0.6986939999999999
,,,,,GCTA,0.709411
,,,,,GCTA,0.683135
,,,,,GCTA,0.660578
,,,,,GCTA,0.667392
,,,,,GCTA,0.6547029999999999
,,,,,GCTA,0.664457
,,,,,GCTA,0.663801
,,,,,GCTA,0.678493
,,,,,GCTA,0.662944
,,,,,GCTA,0.666373
,,,,,GCTA,0.672964
25.0,1.0,0.5,0.25,0.25,GCTA,0.681876
25.0,1.0,0.5,0.25,0.25,GCTA,0.699806
25.0,1.0,0.5,0.25,0.25,GCTA,0.68692
25.0,1.0,0.5,0.25,0.25,GCTA,0.7073510000000001
25.0,1.0,0.5,0.25,0.25,GCTA,0.710097
25.0,1.0,0.5,0.25,0.25,GCTA,0.711322
25.0,1.0,0.5,0.25,0.25,GCTA,0.679651
25.0,1.0,0.5,0.25,0.25,GCTA,0.687515
25.0,1.0,0.5,0.25,0.25,GCTA,0.7115739999999999
25.0,1.0,0.5,0.25,0.25,GCTA,0.6815479999999999
,,,,,GCTA,0.677304
,,,,,GCTA,0.696476
,,,,,GCTA,0.6896329999999999
,,,,,GCTA,0.696546
,,,,,GCTA,0.699723
,,,,,GCTA,0.718431
,,,,,GCTA,0.7140029999999999
,,,,,GCTA,0.704105
,,,,,GCTA,0.71559
,,,,,GCTA,0.719475
,,,,,GCTA,0.6912470000000001
,,,,,GCTA,0.661296
,,,,,GCTA,0.661518
,,,,,GCTA,0.649452
,,,,,GCTA,0.6701779999999999
,,,,,GCTA,0.662702
,,,,,GCTA,0.659726
,,,,,GCTA,0.643903
,,,,,GCTA,0.659399
,,,,,GCTA,0.673466
25.0,2.0,0.5,0.25,0.25,GCTA,0.660572
25.0,2.0,0.5,0.25,0.25,GCTA,0.666455
25.0,2.0,0.5,0.25,0.25,GCTA,0.677688
25.0,2.0,0.5,0.25,0.25,GCTA,0.6686
25.0,2.0,0.5,0.25,0.25,GCTA,0.6563479999999999
25.0,2.0,0.5,0.25,0.25,GCTA,0.6628430000000001
25.0,2.0,0.5,0.25,0.25,GCTA,0.6761659999999999
25.0,2.0,0.5,0.25,0.25,GCTA,0.65282
25.0,2.0,0.5,0.25,0.25,GCTA,0.640051
25.0,2.0,0.5,0.25,0.25,GCTA,0.683872
,,,,,GCTA,0.660409
,,,,,GCTA,0.710631
,,,,,GCTA,0.6717890000000001
,,,,,GCTA,0.695573
,,,,,GCTA,0.722276
,,,,,GCTA,0.717627
,,,,,GCTA,0.679986
,,,,,GCTA,0.681145
,,,,,GCTA,0.721955
,,,,,GCTA,0.724362
,,,,,GCTA,0.6774789999999999
,,,,,GCTA,0.667521
,,,,,GCTA,0.6838890000000001
,,,,,GCTA,0.683634
,,,,,GCTA,0.6714359999999999
,,,,,GCTA,0.6887949999999999
,,,,,GCTA,0.672348
,,,,,GCTA,0.665465
,,,,,GCTA,0.746323
,,,,,GCTA,0.7137600000000001
25.0,1.0,0.5,0.25,0.25,GCTA,0.70617
25.0,1.0,0.5,0.25,0.25,GCTA,0.685416
25.0,1.0,0.5,0.25,0.25,GCTA,0.710775
25.0,1.0,0.5,0.25,0.25,GCTA,0.6935819999999999
25.0,1.0,0.5,0.25,0.25,GCTA,0.675283
25.0,1.0,0.5,0.25,0.25,GCTA,0.668672
25.0,1.0,0.5,0.25,0.25,GCTA,0.69909
25.0,1.0,0.5,0.25,0.25,GCTA,0.698963
25.0,1.0,0.5,0.25,0.25,GCTA,0.698078
25.0,1.0,0.5,0.25,0.25,GCTA,0.672431
,,,,,GCTA,0.696062
,,,,,GCTA,0.678886
,,,,,GCTA,0.6601239999999999
,,,,,GCTA,0.67984
,,,,,GCTA,0.670383
,,,,,GCTA,0.652292
,,,,,GCTA,0.651166
,,,,,GCTA,0.676395
,,,,,GCTA,0.6732899999999999
,,,,,GCTA,0.671454
,,,,,GCTA,0.6651630000000001
,,,,,GCTA,0.660696
,,,,,GCTA,0.660405
,,,,,GCTA,0.6581859999999999
,,,,,GCTA,0.6602319999999999
,,,,,GCTA,0.641706
,,,,,GCTA,0.661602
,,,,,GCTA,0.664226
,,,,,GCTA,0.6566960000000001
,,,,,GCTA,0.658416
2.0,1.0,0.5,0.25,0.25,GCTA,0.669905
2.0,1.0,0.5,0.25,0.25,GCTA,0.6595409999999999
2.0,1.0,0.5,0.25,0.25,GCTA,0.675135
2.0,1.0,0.5,0.25,0.25,GCTA,0.667203
2.0,1.0,0.5,0.25,0.25,GCTA,0.657483
2.0,1.0,0.5,0.25,0.25,GCTA,0.6503909999999999
2.0,1.0,0.5,0.25,0.25,GCTA,0.662305
2.0,1.0,0.5,0.25,0.25,GCTA,0.6613939999999999
2.0,1.0,0.5,0.25,0.25,GCTA,0.694293
2.0,1.0,0.5,0.25,0.25,GCTA,0.660808
,,,,,GCTA,0.64535
,,,,,GCTA,0.661556
,,,,,GCTA,0.6608930000000001
,,,,,GCTA,0.686743
,,,,,GCTA,0.674624
,,,,,GCTA,0.662276
,,,,,GCTA,0.657768
,,,,,GCTA,0.677614
,,,,,GCTA,0.666187
,,,,,GCTA,0.665858
,,,,,GCTA,0.644366
,,,,,GCTA,0.712359
,,,,,GCTA,0.677784
,,,,,GCTA,0.6892689999999999
,,,,,GCTA,0.698475
,,,,,GCTA,0.727947
,,,,,GCTA,0.673534
,,,,,GCTA,0.671426
,,,,,GCTA,0.701815
,,,,,GCTA,0.724547
2.0,2.0,0.5,0.25,0.25,GCTA,0.7075279999999999
2.0,2.0,0.5,0.25,0.25,GCTA,0.729783
2.0,2.0,0.5,0.25,0.25,GCTA,0.713992
2.0,2.0,0.5,0.25,0.25,GCTA,0.698499
2.0,2.0,0.5,0.25,0.25,GCTA,0.708746
2.0,2.0,0.5,0.25,0.25,GCTA,0.702072
2.0,2.0,0.5,0.25,0.25,GCTA,0.7168760000000001
2.0,2.0,0.5,0.25,0.25,GCTA,0.684189
2.0,2.0,0.5,0.25,0.25,GCTA,0.685275
2.0,2.0,0.5,0.25,0.25,GCTA,0.68201
,,,,,GCTA,0.598669
,,,,,GCTA,0.643968
,,,,,GCTA,0.661578
,,,,,GCTA,0.660094
,,,,,GCTA,0.6595439999999999
,,,,,GCTA,0.6548970000000001
,,,,,GCTA,0.671025
,,,,,GCTA,0.6797949999999999
,,,,,GCTA,0.6740470000000001
,,,,,GCTA,0.691303
,,,,,GCTA,0.654036
,,,,,GCTA,0.6868310000000001
,,,,,GCTA,0.716605
,,,,,GCTA,0.7082430000000001
,,,,,GCTA,0.686955
,,,,,GCTA,0.705904
,,,,,GCTA,0.68885
,,,,,GCTA,0.664119
,,,,,GCTA,0.661184
,,,,,GCTA,0.6759609999999999
25.0,2.0,0.5,0.25,0.25,GCTA,0.709313
25.0,2.0,0.5,0.25,0.25,GCTA,0.712252
25.0,2.0,0.5,0.25,0.25,GCTA,0.685967
25.0,2.0,0.5,0.25,0.25,GCTA,0.68821
25.0,2.0,0.5,0.25,0.25,GCTA,0.726601
25.0,2.0,0.5,0.25,0.25,GCTA,0.731843
25.0,2.0,0.5,0.25,0.25,GCTA,0.6998489999999999
25.0,2.0,0.5,0.25,0.25,GCTA,0.706296
25.0,2.0,0.5,0.25,0.25,GCTA,0.681424
25.0,2.0,0.5,0.25,0.25,GCTA,0.66467
,,,,,GCTA,0.666337
,,,,,GCTA,0.6707069999999999
,,,,,GCTA,0.653697
,,,,,GCTA,0.675222
,,,,,GCTA,0.650702
,,,,,GCTA,0.658048
,,,,,GCTA,0.6538649999999999
,,,,,GCTA,0.6659
,,,,,GCTA,0.6505890000000001
,,,,,GCTA,0.646479
,,,,,GCTA,0.633333
,,,,,GCTA,0.688735
,,,,,GCTA,0.703328
,,,,,GCTA,0.720094
,,,,,GCTA,0.677618
,,,,,GCTA,0.7076060000000001
,,,,,GCTA,0.700604
,,,,,GCTA,0.706108
,,,,,GCTA,0.708033
,,,,,GCTA,0.695864
25.0,2.0,0.5,0.25,0.25,GCTA,0.669245
25.0,2.0,0.5,0.25,0.25,GCTA,0.6688109999999999
25.0,2.0,0.5,0.25,0.25,GCTA,0.662233
25.0,2.0,0.5,0.25,0.25,GCTA,0.6485890000000001
25.0,2.0,0.5,0.25,0.25,GCTA,0.66133
25.0,2.0,0.5,0.25,0.25,GCTA,0.6601859999999999
25.0,2.0,0.5,0.25,0.25,GCTA,0.646652
25.0,2.0,0.5,0.25,0.25,GCTA,0.666096
25.0,2.0,0.5,0.25,0.25,GCTA,0.669319
25.0,2.0,0.5,0.25,0.25,GCTA,0.671976
,,,,,GCTA,0.678388
,,,,,GCTA,0.669643
,,,,,GCTA,0.654692
,,,,,GCTA,0.67357
,,,,,GCTA,0.661984
,,,,,GCTA,0.656903
,,,,,GCTA,0.657998
,,,,,GCTA,0.667456
,,,,,GCTA,0.660099
,,,,,GCTA,0.651302
,,,,,GCTA,0.6677109999999999
,,,,,GCTA,0.665451
,,,,,GCTA,0.646572
,,,,,GCTA,0.652625
,,,,,GCTA,0.65925
,,,,,GCTA,0.662562
,,,,,GCTA,0.669637
,,,,,GCTA,0.673279
,,,,,GCTA,0.661162
,,,,,GCTA,0.6582359999999999
25.0,2.0,0.5,0.25,0.25,GCTA,0.649216
25.0,2.0,0.5,0.25,0.25,GCTA,0.685295
25.0,2.0,0.5,0.25,0.25,GCTA,0.7074199999999999
25.0,2.0,0.5,0.25,0.25,GCTA,0.712843
25.0,2.0,0.5,0.25,0.25,GCTA,0.692435
25.0,2.0,0.5,0.25,0.25,GCTA,0.708847
25.0,2.0,0.5,0.25,0.25,GCTA,0.707854
25.0,2.0,0.5,0.25,0.25,GCTA,0.714771
25.0,2.0,0.5,0.25,0.25,GCTA,0.684873
25.0,2.0,0.5,0.25,0.25,GCTA,0.677014
,,,,,GCTA,0.661454
,,,,,GCTA,0.655886
,,,,,GCTA,0.6523100000000001
,,,,,GCTA,0.668187
,,,,,GCTA,0.649269
,,,,,GCTA,0.660613
,,,,,GCTA,0.6649390000000001
,,,,,GCTA,0.6583939999999999
,,,,,GCTA,0.6929569999999999
,,,,,GCTA,0.660618
,,,,,GCTA,0.668162
,,,,,GCTA,0.719967
,,,,,GCTA,0.685354
,,,,,GCTA,0.6860569999999999
,,,,,GCTA,0.6889390000000001
,,,,,GCTA,0.738842
,,,,,GCTA,0.665652
,,,,,GCTA,0.6915600000000001
,,,,,GCTA,0.685193
,,,,,GCTA,0.687301
25.0,2.0,0.5,0.25,0.25,GCTA,0.6688810000000001
25.0,2.0,0.5,0.25,0.25,GCTA,0.6784819999999999
25.0,2.0,0.5,0.25,0.25,GCTA,0.68415
25.0,2.0,0.5,0.25,0.25,GCTA,0.663726
25.0,2.0,0.5,0.25,0.25,GCTA,0.683343
25.0,2.0,0.5,0.25,0.25,GCTA,0.6639520000000001
25.0,2.0,0.5,0.25,0.25,GCTA,0.664563
25.0,2.0,0.5,0.25,0.25,GCTA,0.647666
25.0,2.0,0.5,0.25,0.25,GCTA,0.6537270000000001
25.0,2.0,0.5,0.25,0.25,GCTA,0.647464
25.0,1.0,0.5,0.25,0.25,nGCTA,0.6231756622
25.0,1.0,0.5,0.25,0.25,nGCTA,0.6141653086000001
25.0,1.0,0.5,0.25,0.25,nGCTA,0.653067859
25.0,1.0,0.5,0.25,0.25,nGCTA,0.6059763873999999
25.0,1.0,0.5,0.25,0.25,nGCTA,0.5499215588
25.0,1.0,0.5,0.25,0.25,nGCTA,0.6673069141999999
25.0,1.0,0.5,0.25,0.25,nGCTA,0.6337842758
25.0,1.0,0.5,0.25,0.25,nGCTA,0.6712213074
25.0,1.0,0.5,0.25,0.25,nGCTA,0.5661977814
25.0,1.0,0.5,0.25,0.25,nGCTA,0.6080181304000001
,,,,,nGCTA,0.6494093972000001
,,,,,nGCTA,0.6539874416
,,,,,nGCTA,0.6603267888
,,,,,nGCTA,0.638054825
,,,,,nGCTA,0.6710408096
,,,,,nGCTA,0.6834054686
,,,,,nGCTA,0.6698918060000001
,,,,,nGCTA,0.6648013178000001
,,,,,nGCTA,0.683846232
,,,,,nGCTA,0.6850075215999999
,,,,,nGCTA,0.6670782319999999
,,,,,nGCTA,0.6734322480000001
,,,,,nGCTA,0.6766945204
,,,,,nGCTA,0.7037808064
,,,,,nGCTA,0.659081327
,,,,,nGCTA,0.6938670424
,,,,,nGCTA,0.6553652169999999
,,,,,nGCTA,0.7056665317999999
,,,,,nGCTA,0.6831679829999999
,,,,,nGCTA,0.6880383152
2.0,1.0,0.5,0.25,0.25,nGCTA,0.6864888589999999
2.0,1.0,0.5,0.25,0.25,nGCTA,0.5855947199999999
2.0,1.0,0.5,0.25,0.25,nGCTA,0.6629468646
2.0,1.0,0.5,0.25,0.25,nGCTA,0.629713672
2.0,1.0,0.5,0.25,0.25,nGCTA,0.6463504364
2.0,1.0,0.5,0.25,0.25,nGCTA,0.5594587928
2.0,1.0,0.5,0.25,0.25,nGCTA,0.5428264133999998
2.0,1.0,0.5,0.25,0.25,nGCTA,0.6811870779999999
2.0,1.0,0.5,0.25,0.25,nGCTA,0.6646606226
2.0,1.0,0.5,0.25,0.25,nGCTA,0.7139243373999999
,,,,,nGCTA,0.6420092626
,,,,,nGCTA,0.4975507036
,,,,,nGCTA,0.5982870983999999
,,,,,nGCTA,0.6027591142000001
,,,,,nGCTA,0.6302854828
,,,,,nGCTA,0.6260772582
,,,,,nGCTA,0.6609070897999999
,,,,,nGCTA,0.6657872676
,,,,,nGCTA,0.6278283628000001
,,,,,nGCTA,0.7052115804000001
,,,,,nGCTA,0.620320878
,,,,,nGCTA,0.6706263359999999
,,,,,nGCTA,0.5533232294
,,,,,nGCTA,0.6354982073999998
,,,,,nGCTA,0.612330663
,,,,,nGCTA,0.6581696396000001
,,,,,nGCTA,0.6994837794
,,,,,nGCTA,0.599296406
,,,,,nGCTA,0.581609701
,,,,,nGCTA,0.696000932
2.0,2.0,0.5,0.25,0.25,nGCTA,0.5984252767999999
2.0,2.0,0.5,0.25,0.25,nGCTA,0.6453030044
2.0,2.0,0.5,0.25,0.25,nGCTA,0.6507569052
2.0,2.0,0.5,0.25,0.25,nGCTA,0.6430950992
2.0,2.0,0.5,0.25,0.25,nGCTA,0.684272786
2.0,2.0,0.5,0.25,0.25,nGCTA,0.6532762961999999
2.0,2.0,0.5,0.25,0.25,nGCTA,0.613979563
2.0,2.0,0.5,0.25,0.25,nGCTA,0.5652958704
2.0,2.0,0.5,0.25,0.25,nGCTA,0.6448304586
2.0,2.0,0.5,0.25,0.25,nGCTA,0.5594955617999999
,,,,,nGCTA,0.6030906732
,,,,,nGCTA,0.6612982204000001
,,,,,nGCTA,0.6089639624000001
,,,,,nGCTA,0.6368499942
,,,,,nGCTA,0.6125967586
,,,,,nGCTA,0.6862494078
,,,,,nGCTA,0.6244166377999999
,,,,,nGCTA,0.6310917972000001
,,,,,nGCTA,0.6283685121999999
,,,,,nGCTA,0.6764644207999999
,,,,,nGCTA,0.6690533076
,,,,,nGCTA,0.6515753391999999
,,,,,nGCTA,0.6364570098
,,,,,nGCTA,0.6395317279999999
,,,,,nGCTA,0.640834656
,,,,,nGCTA,0.6484517154
,,,,,nGCTA,0.6293440239999999
,,,,,nGCTA,0.6652494592
,,,,,nGCTA,0.6555475372
25.0,1.0,0.5,0.25,0.25,nGCTA,0.6594441802
25.0,1.0,0.5,0.25,0.25,nGCTA,0.6721461312000001
25.0,1.0,0.5,0.25,0.25,nGCTA,0.6742654352
25.0,1.0,0.5,0.25,0.25,nGCTA,0.691851748
25.0,1.0,0.5,0.25,0.25,nGCTA,0.6663231824
25.0,1.0,0.5,0.25,0.25,nGCTA,0.6763297008
25.0,1.0,0.5,0.25,0.25,nGCTA,0.6626320000000001
25.0,1.0,0.5,0.25,0.25,nGCTA,0.708110064
25.0,1.0,0.5,0.25,0.25,nGCTA,0.6872897456
25.0,1.0,0.5,0.25,0.25,nGCTA,0.6665348496
,,,,,nGCTA,0.687062973
,,,,,nGCTA,0.6878749838000001
,,,,,nGCTA,0.6235404388
,,,,,nGCTA,0.6454200922
,,,,,nGCTA,0.6518898891999999
,,,,,nGCTA,0.5536395834
,,,,,nGCTA,0.6854930049999999
,,,,,nGCTA,0.6526131828
,,,,,nGCTA,0.651686938
,,,,,nGCTA,0.6420663698
,,,,,nGCTA,0.5748742908
,,,,,nGCTA,0.6707061288
,,,,,nGCTA,0.6731885550000001
,,,,,nGCTA,0.6297722624
,,,,,nGCTA,0.6771174726
,,,,,nGCTA,0.6155303592000001
,,,,,nGCTA,0.6473535250000001
,,,,,nGCTA,0.6119221624000001
,,,,,nGCTA,0.7096372837999999
,,,,,nGCTA,0.604762702
25.0,2.0,0.5,0.25,0.25,nGCTA,0.6321995284
25.0,2.0,0.5,0.25,0.25,nGCTA,0.536430986
25.0,2.0,0.5,0.25,0.25,nGCTA,0.6580162061999999
25.0,2.0,0.5,0.25,0.25,nGCTA,0.6235801341999999
25.0,2.0,0.5,0.25,0.25,nGCTA,0.6161563878
25.0,2.0,0.5,0.25,0.25,nGCTA,0.587591734
25.0,2.0,0.5,0.25,0.25,nGCTA,0.6473584553999999
25.0,2.0,0.5,0.25,0.25,nGCTA,0.6825165008
25.0,2.0,0.5,0.25,0.25,nGCTA,0.7826854498
25.0,2.0,0.5,0.25,0.25,nGCTA,0.6961543706000001
,,,,,nGCTA,0.6535059784
,,,,,nGCTA,0.6476638902
,,,,,nGCTA,0.6562364116
,,,,,nGCTA,0.6615127898000001
,,,,,nGCTA,0.6450815233999999
,,,,,nGCTA,0.7184645192
,,,,,nGCTA,0.6517464378
,,,,,nGCTA,0.6181687384000001
,,,,,nGCTA,0.6473499514000001
,,,,,nGCTA,0.6770111754
,,,,,nGCTA,0.6579228618
,,,,,nGCTA,0.6149049931999999
,,,,,nGCTA,0.554032443
,,,,,nGCTA,0.6330525238
,,,,,nGCTA,0.6379817722
,,,,,nGCTA,0.6085580051999999
,,,,,nGCTA,0.695681496
,,,,,nGCTA,0.675306974
,,,,,nGCTA,0.5656644794
,,,,,nGCTA,0.6195229800000001
25.0,1.0,0.5,0.25,0.25,nGCTA,0.6639365121999999
25.0,1.0,0.5,0.25,0.25,nGCTA,0.6217737872
25.0,1.0,0.5,0.25,0.25,nGCTA,0.6344613188
25.0,1.0,0.5,0.25,0.25,nGCTA,0.6885783280000001
25.0,1.0,0.5,0.25,0.25,nGCTA,0.6411445752
25.0,1.0,0.5,0.25,0.25,nGCTA,0.6364592757999998
25.0,1.0,0.5,0.25,0.25,nGCTA,0.627544567
25.0,1.0,0.5,0.25,0.25,nGCTA,0.6257232052
25.0,1.0,0.5,0.25,0.25,nGCTA,0.6013475321999999
25.0,1.0,0.5,0.25,0.25,nGCTA,0.7151453337999999
,,,,,nGCTA,0.6742778244
,,,,,nGCTA,0.698948472
,,,,,nGCTA,0.65242988
,,,,,nGCTA,0.6710139712000001
,,,,,nGCTA,0.6926642010000001
,,,,,nGCTA,0.7381869368
,,,,,nGCTA,0.6681060012
,,,,,nGCTA,0.6652238880000001
,,,,,nGCTA,0.7310223151999999
,,,,,nGCTA,0.6875742999999999
,,,,,nGCTA,0.6769266252
,,,,,nGCTA,0.661993222
,,,,,nGCTA,0.644852176
,,,,,nGCTA,0.6843706679999999
,,,,,nGCTA,0.6525486328000001
,,,,,nGCTA,0.6506332256
,,,,,nGCTA,0.671201884
,,,,,nGCTA,0.64423345
,,,,,nGCTA,0.6720486320000001
,,,,,nGCTA,0.6749955757999999
25.0,2.0,0.5,0.25,0.25,nGCTA,0.6646552132000001
25.0,2.0,0.5,0.25,0.25,nGCTA,0.6458626451999999
25.0,2.0,0.5,0.25,0.25,nGCTA,0.6597989074
25.0,2.0,0.5,0.25,0.25,nGCTA,0.729979276
25.0,2.0,0.5,0.25,0.25,nGCTA,0.6272422832
25.0,2.0,0.5,0.25,0.25,nGCTA,0.6533825649999999
25.0,2.0,0.5,0.25,0.25,nGCTA,0.6201119206
25.0,2.0,0.5,0.25,0.25,nGCTA,0.5979355826
25.0,2.0,0.5,0.25,0.25,nGCTA,0.6704097608
25.0,2.0,0.5,0.25,0.25,nGCTA,0.6942546110000001
,,,,,nGCTA,0.6616470338
,,,,,nGCTA,0.6470240198
,,,,,nGCTA,0.6467823911999999
,,,,,nGCTA,0.6471726068
,,,,,nGCTA,0.6181156187999999
,,,,,nGCTA,0.5949066054
,,,,,nGCTA,0.659370015
,,,,,nGCTA,0.7058306579999999
,,,,,nGCTA,0.6485819716000001
,,,,,nGCTA,0.6692188640000001
,,,,,nGCTA,0.6145554066
,,,,,nGCTA,0.6808380848
,,,,,nGCTA,0.6677512703999999
,,,,,nGCTA,0.681255865
,,,,,nGCTA,0.6225438916
,,,,,nGCTA,0.6244256194
,,,,,nGCTA,0.6363731582000001
,,,,,nGCTA,0.6366373172
,,,,,nGCTA,0.6641602516
,,,,,nGCTA,0.6683676422
25.0,1.0,0.5,0.25,0.25,nGCTA,0.6405156821999999
25.0,1.0,0.5,0.25,0.25,nGCTA,0.5655845561999999
25.0,1.0,0.5,0.25,0.25,nGCTA,0.619961403
25.0,1.0,0.5,0.25,0.25,nGCTA,0.6273570966
25.0,1.0,0.5,0.25,0.25,nGCTA,0.5178361454
25.0,1.0,0.5,0.25,0.25,nGCTA,0.6696337067999999
25.0,1.0,0.5,0.25,0.25,nGCTA,0.6279004626
25.0,1.0,0.5,0.25,0.25,nGCTA,0.6108844062000001
25.0,1.0,0.5,0.25,0.25,nGCTA,0.6675962882
25.0,1.0,0.5,0.25,0.25,nGCTA,0.5978682356
,,,,,nGCTA,0.6504654034
,,,,,nGCTA,0.7464328292
,,,,,nGCTA,0.5769520357999999
,,,,,nGCTA,0.6041274510000001
,,,,,nGCTA,0.5682833191999999
,,,,,nGCTA,0.6580350374
,,,,,nGCTA,0.6912016795999999
,,,,,nGCTA,0.7074705228
,,,,,nGCTA,0.6390319724
,,,,,nGCTA,0.6481952306
,,,,,nGCTA,0.6629669441999999
,,,,,nGCTA,0.662458643
,,,,,nGCTA,0.6164168128
,,,,,nGCTA,0.6685279668
,,,,,nGCTA,0.648086248
,,,,,nGCTA,0.6461116
,,,,,nGCTA,0.6638724282000001
,,,,,nGCTA,0.6641403807999999
,,,,,nGCTA,0.691359464
,,,,,nGCTA,0.6210469780000001
2.0,1.0,0.5,0.25,0.25,nGCTA,0.6652859752000001
2.0,1.0,0.5,0.25,0.25,nGCTA,0.6257693435999999
2.0,1.0,0.5,0.25,0.25,nGCTA,0.580904925
2.0,1.0,0.5,0.25,0.25,nGCTA,0.6607073172
2.0,1.0,0.5,0.25,0.25,nGCTA,0.6784521888
2.0,1.0,0.5,0.25,0.25,nGCTA,0.7119511331999999
2.0,1.0,0.5,0.25,0.25,nGCTA,0.6521446044
2.0,1.0,0.5,0.25,0.25,nGCTA,0.6565910368000001
2.0,1.0,0.5,0.25,0.25,nGCTA,0.6572885615999999
2.0,1.0,0.5,0.25,0.25,nGCTA,0.6263808404
,,,,,nGCTA,0.6395816634
,,,,,nGCTA,0.6795581336000001
,,,,,nGCTA,0.6566386304
,,,,,nGCTA,0.7046740380000001
,,,,,nGCTA,0.6454105052
,,,,,nGCTA,0.6512013532
,,,,,nGCTA,0.6698339488
,,,,,nGCTA,0.6904167567999999
,,,,,nGCTA,0.686512698
,,,,,nGCTA,0.6242229271999999
,,,,,nGCTA,0.6670557408
,,,,,nGCTA,0.6677166572
,,,,,nGCTA,0.658273602
,,,,,nGCTA,0.6748060124
,,,,,nGCTA,0.6818222381999999
,,,,,nGCTA,0.6956577968
,,,,,nGCTA,0.676223915
,,,,,nGCTA,0.6603304766
,,,,,nGCTA,0.6841774279999999
,,,,,nGCTA,0.7063866768
2.0,2.0,0.5,0.25,0.25,nGCTA,0.6564858490000001
2.0,2.0,0.5,0.25,0.25,nGCTA,0.6807340456
2.0,2.0,0.5,0.25,0.25,nGCTA,0.6840414459999999
2.0,2.0,0.5,0.25,0.25,nGCTA,0.6851953856
2.0,2.0,0.5,0.25,0.25,nGCTA,0.693929804
2.0,2.0,0.5,0.25,0.25,nGCTA,0.663519521
2.0,2.0,0.5,0.25,0.25,nGCTA,0.6504311706
2.0,2.0,0.5,0.25,0.25,nGCTA,0.66649932
2.0,2.0,0.5,0.25,0.25,nGCTA,0.6585973782
2.0,2.0,0.5,0.25,0.25,nGCTA,0.6877937572000001
,,,,,nGCTA,0.7164849686000001
,,,,,nGCTA,0.6818913443999999
,,,,,nGCTA,0.6598954000000001
,,,,,nGCTA,0.6580531778
,,,,,nGCTA,0.6619426702
,,,,,nGCTA,0.6508836880000001
,,,,,nGCTA,0.659484655
,,,,,nGCTA,0.6427189879999999
,,,,,nGCTA,0.6596388637999999
,,,,,nGCTA,0.6653893856
,,,,,nGCTA,0.6449769422
,,,,,nGCTA,0.6760433672
,,,,,nGCTA,0.666660672
,,,,,nGCTA,0.6897329999999999
,,,,,nGCTA,0.6647984032
,,,,,nGCTA,0.7109720086
,,,,,nGCTA,0.65412866
,,,,,nGCTA,0.6513926372000001
,,,,,nGCTA,0.6334073344
,,,,,nGCTA,0.6487708383999999
25.0,2.0,0.5,0.25,0.25,nGCTA,0.6651440119999998
25.0,2.0,0.5,0.25,0.25,nGCTA,0.6771703024
25.0,2.0,0.5,0.25,0.25,nGCTA,0.6407295796
25.0,2.0,0.5,0.25,0.25,nGCTA,0.6580653912000001
25.0,2.0,0.5,0.25,0.25,nGCTA,0.720124728
25.0,2.0,0.5,0.25,0.25,nGCTA,0.6868206928
25.0,2.0,0.5,0.25,0.25,nGCTA,0.7089861506
25.0,2.0,0.5,0.25,0.25,nGCTA,0.7127774419999999
25.0,2.0,0.5,0.25,0.25,nGCTA,0.6820262064
25.0,2.0,0.5,0.25,0.25,nGCTA,0.6538938783999999
,,,,,nGCTA,0.6602770104
,,,,,nGCTA,0.6387896072
,,,,,nGCTA,0.6632113192
,,,,,nGCTA,0.6507019826
,,,,,nGCTA,0.6625455408
,,,,,nGCTA,0.6661628911999999
,,,,,nGCTA,0.6648298720000001
,,,,,nGCTA,0.6591795495999999
,,,,,nGCTA,0.6800486014
,,,,,nGCTA,0.6728932546
,,,,,nGCTA,0.68407451
,,,,,nGCTA,0.7199985174000001
,,,,,nGCTA,0.7062388308
,,,,,nGCTA,0.6832554096000001
,,,,,nGCTA,0.674175278
,,,,,nGCTA,0.686691912
,,,,,nGCTA,0.683630781
,,,,,nGCTA,0.6975624544
,,,,,nGCTA,0.6595021066
,,,,,nGCTA,0.6437596752
25.0,2.0,0.5,0.25,0.25,nGCTA,0.6831442480000001
25.0,2.0,0.5,0.25,0.25,nGCTA,0.6633571560000001
25.0,2.0,0.5,0.25,0.25,nGCTA,0.7146662437999999
25.0,2.0,0.5,0.25,0.25,nGCTA,0.611514771
25.0,2.0,0.5,0.25,0.25,nGCTA,0.6584862546
25.0,2.0,0.5,0.25,0.25,nGCTA,0.5385405612
25.0,2.0,0.5,0.25,0.25,nGCTA,0.6203866504000001
25.0,2.0,0.5,0.25,0.25,nGCTA,0.598768216
25.0,2.0,0.5,0.25,0.25,nGCTA,0.6670915522
25.0,2.0,0.5,0.25,0.25,nGCTA,0.6351446350000001
,,,,,nGCTA,0.6584770736
,,,,,nGCTA,0.6697955768
,,,,,nGCTA,0.6755700551999999
,,,,,nGCTA,0.671296804
,,,,,nGCTA,0.6602042728
,,,,,nGCTA,0.6444383728
,,,,,nGCTA,0.6705213712
,,,,,nGCTA,0.6830085364
,,,,,nGCTA,0.6529274752
,,,,,nGCTA,0.6511471799999999
,,,,,nGCTA,0.6602469688
,,,,,nGCTA,0.6648502986
,,,,,nGCTA,0.6659717007999999
,,,,,nGCTA,0.6947263312
,,,,,nGCTA,0.67130243
,,,,,nGCTA,0.6561776992
,,,,,nGCTA,0.647105182
,,,,,nGCTA,0.6683091126
,,,,,nGCTA,0.6449327894
,,,,,nGCTA,0.6876836458
25.0,2.0,0.5,0.25,0.25,nGCTA,0.6587654192000001
25.0,2.0,0.5,0.25,0.25,nGCTA,0.6558622144
25.0,2.0,0.5,0.25,0.25,nGCTA,0.6960064736
25.0,2.0,0.5,0.25,0.25,nGCTA,0.6558574416
25.0,2.0,0.5,0.25,0.25,nGCTA,0.6960131088000001
25.0,2.0,0.5,0.25,0.25,nGCTA,0.6771681947999999
25.0,2.0,0.5,0.25,0.25,nGCTA,0.6373375800000001
25.0,2.0,0.5,0.25,0.25,nGCTA,0.6884476232000001
25.0,2.0,0.5,0.25,0.25,nGCTA,0.667346294
25.0,2.0,0.5,0.25,0.25,nGCTA,0.7068237832
,,,,,nGCTA,0.648236692
,,,,,nGCTA,0.6492424198
,,,,,nGCTA,0.66154866
,,,,,nGCTA,0.6372004000000001
,,,,,nGCTA,0.697208053
,,,,,nGCTA,0.657873188
,,,,,nGCTA,0.686419128
,,,,,nGCTA,0.6647383840000001
,,,,,nGCTA,0.648314468
,,,,,nGCTA,0.6522979404
,,,,,nGCTA,0.662013104
,,,,,nGCTA,0.6736107058
,,,,,nGCTA,0.6364321648
,,,,,nGCTA,0.644204685
,,,,,nGCTA,0.665722518
,,,,,nGCTA,0.6967511742
,,,,,nGCTA,0.655832088
,,,,,nGCTA,0.7067390706
,,,,,nGCTA,0.645725798
,,,,,nGCTA,0.7035606324
25.0,2.0,0.5,0.25,0.25,nGCTA,0.659419593
25.0,2.0,0.5,0.25,0.25,nGCTA,0.6616299544
25.0,2.0,0.5,0.25,0.25,nGCTA,0.6649995515999999
25.0,2.0,0.5,0.25,0.25,nGCTA,0.6201865271999999
25.0,2.0,0.5,0.25,0.25,nGCTA,0.6433757346
25.0,2.0,0.5,0.25,0.25,nGCTA,0.6801271572
25.0,2.0,0.5,0.25,0.25,nGCTA,0.5979793325999999
25.0,2.0,0.5,0.25,0.25,nGCTA,0.662542576
25.0,2.0,0.5,0.25,0.25,nGCTA,0.7089507615999999
25.0,2.0,0.5,0.25,0.25,nGCTA,0.5918379833999999
25.0,1.0,0.5,0.25,0.25,nAdjHE,0.6377204988769385
25.0,1.0,0.5,0.25,0.25,nAdjHE,0.5683586589709165
25.0,1.0,0.5,0.25,0.25,nAdjHE,0.579255006571482
25.0,1.0,0.5,0.25,0.25,nAdjHE,0.4920047796413803
25.0,1.0,0.5,0.25,0.25,nAdjHE,0.5539341749358893
25.0,1.0,0.5,0.25,0.25,nAdjHE,0.607506729536109
25.0,1.0,0.5,0.25,0.25,nAdjHE,0.6705638824025526
25.0,1.0,0.5,0.25,0.25,nAdjHE,0.5680284648580702
25.0,1.0,0.5,0.25,0.25,nAdjHE,0.5523655759315301
25.0,1.0,0.5,0.25,0.25,nAdjHE,0.5928493401449814
,,,,,nAdjHE,0.5802095443119444
,,,,,nAdjHE,0.5703789856124148
,,,,,nAdjHE,0.6067276504210884
,,,,,nAdjHE,0.6643886659629116
,,,,,nAdjHE,0.6494191184559686
,,,,,nAdjHE,0.7604548625824873
,,,,,nAdjHE,0.6704448484072154
,,,,,nAdjHE,0.6213252117295947
,,,,,nAdjHE,0.6031929628865426
,,,,,nAdjHE,0.5976471293717818
,,,,,nAdjHE,0.4607290243584199
,,,,,nAdjHE,1.0
,,,,,nAdjHE,0.1924385162984362
,,,,,nAdjHE,0.3644488108566626
,,,,,nAdjHE,1.0
,,,,,nAdjHE,1.0
,,,,,nAdjHE,1.0
,,,,,nAdjHE,0.6212307982311818
,,,,,nAdjHE,0.3829562820450933
,,,,,nAdjHE,0.5246060158655622
2.0,1.0,0.5,0.25,0.25,nAdjHE,0.5374776866940378
2.0,1.0,0.5,0.25,0.25,nAdjHE,0.6119691783645864
2.0,1.0,0.5,0.25,0.25,nAdjHE,0.4721999999999999
2.0,1.0,0.5,0.25,0.25,nAdjHE,0.5317615590996364
2.0,1.0,0.5,0.25,0.25,nAdjHE,0.6829171877017054
2.0,1.0,0.5,0.25,0.25,nAdjHE,0.6749999999999999
2.0,1.0,0.5,0.25,0.25,nAdjHE,0.5474022398618406
2.0,1.0,0.5,0.25,0.25,nAdjHE,0.6984584275741316
2.0,1.0,0.5,0.25,0.25,nAdjHE,0.7265687126898326
2.0,1.0,0.5,0.25,0.25,nAdjHE,0.591
,,,,,nAdjHE,0.6296139847772614
,,,,,nAdjHE,0.5105664304536673
,,,,,nAdjHE,0.5839058252023783
,,,,,nAdjHE,0.0898766847249546
,,,,,nAdjHE,0.8734000000000001
,,,,,nAdjHE,0.9939629054505228
,,,,,nAdjHE,0.9116535272593828
,,,,,nAdjHE,0.5602159753004072
,,,,,nAdjHE,0.8950478231390678
,,,,,nAdjHE,0.6831246664797167
,,,,,nAdjHE,0.6774
,,,,,nAdjHE,0.5961770123263644
,,,,,nAdjHE,0.620697835543368
,,,,,nAdjHE,0.6738
,,,,,nAdjHE,0.5481538068327391
,,,,,nAdjHE,0.6234689201595036
,,,,,nAdjHE,0.6452160657886524
,,,,,nAdjHE,0.6534098865457721
,,,,,nAdjHE,0.5578
,,,,,nAdjHE,0.5089457584254935
2.0,2.0,0.5,0.25,0.25,nAdjHE,0.9556
2.0,2.0,0.5,0.25,0.25,nAdjHE,0.5653776729540521
2.0,2.0,0.5,0.25,0.25,nAdjHE,0.9523352358458456
2.0,2.0,0.5,0.25,0.25,nAdjHE,0.4075790443747158
2.0,2.0,0.5,0.25,0.25,nAdjHE,0.7067659234400213
2.0,2.0,0.5,0.25,0.25,nAdjHE,0.8280939437876821
2.0,2.0,0.5,0.25,0.25,nAdjHE,0.36232088024184
2.0,2.0,0.5,0.25,0.25,nAdjHE,0.6322350641763026
2.0,2.0,0.5,0.25,0.25,nAdjHE,0.5376398712913927
2.0,2.0,0.5,0.25,0.25,nAdjHE,0.7496019790518738
,,,,,nAdjHE,0.6033985445392755
,,,,,nAdjHE,0.6386568148790744
,,,,,nAdjHE,0.5199387604618754
,,,,,nAdjHE,0.7038329190191971
,,,,,nAdjHE,0.690731353567159
,,,,,nAdjHE,0.6638525598318459
,,,,,nAdjHE,0.4818
,,,,,nAdjHE,0.6144474303618094
,,,,,nAdjHE,0.7532546766878077
,,,,,nAdjHE,0.6085847329860591
,,,,,nAdjHE,0.6154640508684701
,,,,,nAdjHE,0.6525038538420018
,,,,,nAdjHE,0.5611299227684523
,,,,,nAdjHE,0.6803801253304909
,,,,,nAdjHE,0.6851803000525905
,,,,,nAdjHE,0.7362747799985274
,,,,,nAdjHE,0.6903123471505956
,,,,,nAdjHE,0.7382892747750034
,,,,,nAdjHE,0.6332940104923309
25.0,1.0,0.5,0.25,0.25,nAdjHE,0.5767220935848949
25.0,1.0,0.5,0.25,0.25,nAdjHE,0.3666371615845951
25.0,1.0,0.5,0.25,0.25,nAdjHE,1.0
25.0,1.0,0.5,0.25,0.25,nAdjHE,0.5863171068488547
25.0,1.0,0.5,0.25,0.25,nAdjHE,0.9618951858260752
25.0,1.0,0.5,0.25,0.25,nAdjHE,0.7543563183591279
25.0,1.0,0.5,0.25,0.25,nAdjHE,0.9727811156630196
25.0,1.0,0.5,0.25,0.25,nAdjHE,0.7912834089314568
25.0,1.0,0.5,0.25,0.25,nAdjHE,0.7848919816238354
25.0,1.0,0.5,0.25,0.25,nAdjHE,0.571796863086343
,,,,,nAdjHE,0.8053571534714419
,,,,,nAdjHE,0.4281489722047066
,,,,,nAdjHE,0.8803039080532945
,,,,,nAdjHE,0.9358357221243404
,,,,,nAdjHE,0.3520064251996853
,,,,,nAdjHE,0.845931447572001
,,,,,nAdjHE,0.4695761754987861
,,,,,nAdjHE,0.4359398862992319
,,,,,nAdjHE,0.4775597492416804
,,,,,nAdjHE,0.4238517461451222
,,,,,nAdjHE,0.7380079312913114
,,,,,nAdjHE,0.9972126720020452
,,,,,nAdjHE,0.7278851700933768
,,,,,nAdjHE,0.4061744867605968
,,,,,nAdjHE,0.9509406927753308
,,,,,nAdjHE,0.9417747478561752
,,,,,nAdjHE,0.3145072111227044
,,,,,nAdjHE,0.974017351210844
,,,,,nAdjHE,1.0
,,,,,nAdjHE,1.0
25.0,2.0,0.5,0.25,0.25,nAdjHE,0.5137176674925359
25.0,2.0,0.5,0.25,0.25,nAdjHE,0.8316728125817915
25.0,2.0,0.5,0.25,0.25,nAdjHE,0.4872993943850827
25.0,2.0,0.5,0.25,0.25,nAdjHE,0.5554253642843727
25.0,2.0,0.5,0.25,0.25,nAdjHE,0.3286812890038977
25.0,2.0,0.5,0.25,0.25,nAdjHE,0.2706936095237413
25.0,2.0,0.5,0.25,0.25,nAdjHE,0.9226
25.0,2.0,0.5,0.25,0.25,nAdjHE,0.5302749330316214
25.0,2.0,0.5,0.25,0.25,nAdjHE,0.9987824100093864
25.0,2.0,0.5,0.25,0.25,nAdjHE,0.8703674977980292
,,,,,nAdjHE,0.0499438171356003
,,,,,nAdjHE,0.3665475361277672
,,,,,nAdjHE,0.3986338783054211
,,,,,nAdjHE,0.8894573905951104
,,,,,nAdjHE,0.8978168123889987
,,,,,nAdjHE,0.4706664928358458
,,,,,nAdjHE,0.972593300746836
,,,,,nAdjHE,0.5471546764723646
,,,,,nAdjHE,0.9887082460741232
,,,,,nAdjHE,0.8438
,,,,,nAdjHE,0.3391861068002471
,,,,,nAdjHE,0.6029944272959793
,,,,,nAdjHE,0.5164689432558467
,,,,,nAdjHE,0.5377470974166505
,,,,,nAdjHE,0.6436021815575483
,,,,,nAdjHE,0.6274307940026528
,,,,,nAdjHE,0.6013633313050842
,,,,,nAdjHE,0.7356294793738583
,,,,,nAdjHE,0.5172
,,,,,nAdjHE,0.7133375968356156
25.0,1.0,0.5,0.25,0.25,nAdjHE,0.544740291031135
25.0,1.0,0.5,0.25,0.25,nAdjHE,0.6698612804331668
25.0,1.0,0.5,0.25,0.25,nAdjHE,0.4206768907257107
25.0,1.0,0.5,0.25,0.25,nAdjHE,0.3262729859791846
25.0,1.0,0.5,0.25,0.25,nAdjHE,0.9604
25.0,1.0,0.5,0.25,0.25,nAdjHE,0.5521153625117622
25.0,1.0,0.5,0.25,0.25,nAdjHE,0.907012001882631
25.0,1.0,0.5,0.25,0.25,nAdjHE,0.6720601507548213
25.0,1.0,0.5,0.25,0.25,nAdjHE,0.871738623443496
25.0,1.0,0.5,0.25,0.25,nAdjHE,0.5547958014175659
,,,,,nAdjHE,0.85383953088271
,,,,,nAdjHE,0.4195448134710339
,,,,,nAdjHE,0.5939425872728531
,,,,,nAdjHE,0.769497206984352
,,,,,nAdjHE,0.3705904777918214
,,,,,nAdjHE,1.0
,,,,,nAdjHE,1.0
,,,,,nAdjHE,0.4761758984883944
,,,,,nAdjHE,1.0
,,,,,nAdjHE,0.6946604003455283
,,,,,nAdjHE,0.4501484480539543
,,,,,nAdjHE,0.811903745718701
,,,,,nAdjHE,0.6659983797686623
,,,,,nAdjHE,0.6074869109003227
,,,,,nAdjHE,0.7233949204800928
,,,,,nAdjHE,0.7142443450955567
,,,,,nAdjHE,0.6684130083704269
,,,,,nAdjHE,0.6420525695276027
,,,,,nAdjHE,0.7463171338727235
,,,,,nAdjHE,0.7960457801769518
25.0,2.0,0.5,0.25,0.25,nAdjHE,0.5963810594753881
25.0,2.0,0.5,0.25,0.25,nAdjHE,0.5973776768218129
25.0,2.0,0.5,0.25,0.25,nAdjHE,0.5792571997074849
25.0,2.0,0.5,0.25,0.25,nAdjHE,0.7480166107572012
25.0,2.0,0.5,0.25,0.25,nAdjHE,0.5975759141322504
25.0,2.0,0.5,0.25,0.25,nAdjHE,0.6595368083347715
25.0,2.0,0.5,0.25,0.25,nAdjHE,0.4645141425003938
25.0,2.0,0.5,0.25,0.25,nAdjHE,0.7069099441468392
25.0,2.0,0.5,0.25,0.25,nAdjHE,0.6577517161143742
25.0,2.0,0.5,0.25,0.25,nAdjHE,0.6606517162405833
,,,,,nAdjHE,0.6644765276207559
,,,,,nAdjHE,0.6066332406940621
,,,,,nAdjHE,0.7153371247286532
,,,,,nAdjHE,0.1912843406559537
,,,,,nAdjHE,0.322133722683121
,,,,,nAdjHE,0.659797994299557
,,,,,nAdjHE,0.919
,,,,,nAdjHE,0.6059823952001374
,,,,,nAdjHE,0.6931250726260589
,,,,,nAdjHE,0.7245297398486642
,,,,,nAdjHE,0.1972317644174401
,,,,,nAdjHE,0.6186065959778557
,,,,,nAdjHE,0.5504350637724872
,,,,,nAdjHE,0.5770915115977552
,,,,,nAdjHE,0.8820000000000001
,,,,,nAdjHE,0.7716237924800826
,,,,,nAdjHE,1.0
,,,,,nAdjHE,0.8491735499949626
,,,,,nAdjHE,1.0
,,,,,nAdjHE,0.7267930308547529
25.0,1.0,0.5,0.25,0.25,nAdjHE,0.4904981694390506
25.0,1.0,0.5,0.25,0.25,nAdjHE,0.919
25.0,1.0,0.5,0.25,0.25,nAdjHE,0.8958807723574719
25.0,1.0,0.5,0.25,0.25,nAdjHE,0.5811875385127641
25.0,1.0,0.5,0.25,0.25,nAdjHE,0.5067822748626296
25.0,1.0,0.5,0.25,0.25,nAdjHE,0.8468335957677451
25.0,1.0,0.5,0.25,0.25,nAdjHE,0.8797999999999999
25.0,1.0,0.5,0.25,0.25,nAdjHE,0.8447999999999999
25.0,1.0,0.5,0.25,0.25,nAdjHE,0.679110666749214
25.0,1.0,0.5,0.25,0.25,nAdjHE,0.4438733141708649
,,,,,nAdjHE,0.57342326234219
,,,,,nAdjHE,0.6459999999999999
,,,,,nAdjHE,0.5889489828709726
,,,,,nAdjHE,0.5921571055008354
,,,,,nAdjHE,0.4580210812731161
,,,,,nAdjHE,0.6716346592410662
,,,,,nAdjHE,0.7082
,,,,,nAdjHE,0.644
,,,,,nAdjHE,0.6364
,,,,,nAdjHE,0.6839999999999999
,,,,,nAdjHE,0.5513238403368474
,,,,,nAdjHE,0.7997208226902177
,,,,,nAdjHE,0.6559016885406037
,,,,,nAdjHE,0.7642582992965428
,,,,,nAdjHE,0.7312810627904578
,,,,,nAdjHE,0.6559642280779212
,,,,,nAdjHE,0.579318696516828
,,,,,nAdjHE,0.5018797436676056
,,,,,nAdjHE,0.650796865160437
,,,,,nAdjHE,0.7212517109489252
2.0,1.0,0.5,0.25,0.25,nAdjHE,0.6583629232705139
2.0,1.0,0.5,0.25,0.25,nAdjHE,0.6792
2.0,1.0,0.5,0.25,0.25,nAdjHE,0.6334
2.0,1.0,0.5,0.25,0.25,nAdjHE,0.5720813322765947
2.0,1.0,0.5,0.25,0.25,nAdjHE,0.6452448577200919
2.0,1.0,0.5,0.25,0.25,nAdjHE,0.5061032070349429
2.0,1.0,0.5,0.25,0.25,nAdjHE,0.6228104449403594
2.0,1.0,0.5,0.25,0.25,nAdjHE,0.5766860595794403
2.0,1.0,0.5,0.25,0.25,nAdjHE,0.6479228933156912
2.0,1.0,0.5,0.25,0.25,nAdjHE,0.6036534708854222
,,,,,nAdjHE,0.6842
,,,,,nAdjHE,0.5739231194679683
,,,,,nAdjHE,0.6720016428490897
,,,,,nAdjHE,0.6257721275921845
,,,,,nAdjHE,0.6382138281963441
,,,,,nAdjHE,0.7517698367747072
,,,,,nAdjHE,0.6690277925779673
,,,,,nAdjHE,0.7932624316991913
,,,,,nAdjHE,0.6209785928223543
,,,,,nAdjHE,0.6302399911508807
,,,,,nAdjHE,0.5102950655956922
,,,,,nAdjHE,0.8280492017300403
,,,,,nAdjHE,0.4012267813272082
,,,,,nAdjHE,0.5627951052619762
,,,,,nAdjHE,0.6896456444649985
,,,,,nAdjHE,0.7584435718720333
,,,,,nAdjHE,0.8698710309573984
,,,,,nAdjHE,1.0
,,,,,nAdjHE,0.8708651576380033
,,,,,nAdjHE,0.3067372840798986
2.0,2.0,0.5,0.25,0.25,nAdjHE,0.9478172747920436
2.0,2.0,0.5,0.25,0.25,nAdjHE,0.5763566259557957
2.0,2.0,0.5,0.25,0.25,nAdjHE,0.84267205414688
2.0,2.0,0.5,0.25,0.25,nAdjHE,0.5120815078079787
2.0,2.0,0.5,0.25,0.25,nAdjHE,0.5199210806147178
2.0,2.0,0.5,0.25,0.25,nAdjHE,0.3824391161555661
2.0,2.0,0.5,0.25,0.25,nAdjHE,1.0
2.0,2.0,0.5,0.25,0.25,nAdjHE,0.829014800838299
2.0,2.0,0.5,0.25,0.25,nAdjHE,0.751280627791975
2.0,2.0,0.5,0.25,0.25,nAdjHE,0.8995577351329747
,,,,,nAdjHE,0.5891370791682552
,,,,,nAdjHE,0.6867289389575103
,,,,,nAdjHE,0.6661560624023437
,,,,,nAdjHE,0.6786458420045316
,,,,,nAdjHE,0.5397734875855901
,,,,,nAdjHE,0.6526206810981964
,,,,,nAdjHE,0.6982113543138082
,,,,,nAdjHE,0.6588514940285779
,,,,,nAdjHE,0.6700794712431034
,,,,,nAdjHE,0.6643389172000721
,,,,,nAdjHE,0.7518056774752586
,,,,,nAdjHE,1.0
,,,,,nAdjHE,0.4120517599836919
,,,,,nAdjHE,0.9200995283064102
,,,,,nAdjHE,0.6782466584612095
,,,,,nAdjHE,0.5321854603391745
,,,,,nAdjHE,0.0871820552779208
,,,,,nAdjHE,1.0
,,,,,nAdjHE,0.9805891713550828
,,,,,nAdjHE,0.4540981851616044
25.0,2.0,0.5,0.25,0.25,nAdjHE,1.0
25.0,2.0,0.5,0.25,0.25,nAdjHE,0.937052725511332
25.0,2.0,0.5,0.25,0.25,nAdjHE,1.0
25.0,2.0,0.5,0.25,0.25,nAdjHE,1.0
25.0,2.0,0.5,0.25,0.25,nAdjHE,0.580955074323874
25.0,2.0,0.5,0.25,0.25,nAdjHE,0.2106853625474595
25.0,2.0,0.5,0.25,0.25,nAdjHE,0.7672004405566044
25.0,2.0,0.5,0.25,0.25,nAdjHE,0.4327059177912328
25.0,2.0,0.5,0.25,0.25,nAdjHE,0.5250747672528342
25.0,2.0,0.5,0.25,0.25,nAdjHE,0.9469612649413364
,,,,,nAdjHE,0.4956
,,,,,nAdjHE,0.6702606780015969
,,,,,nAdjHE,0.6322470296528596
,,,,,nAdjHE,0.6031488240950982
,,,,,nAdjHE,0.7013813901112569
,,,,,nAdjHE,0.6998461994435993
,,,,,nAdjHE,0.6832422381776165
,,,,,nAdjHE,0.7121576330514418
,,,,,nAdjHE,0.6866702072522066
,,,,,nAdjHE,0.5862984714817818
,,,,,nAdjHE,0.6632814901981718
,,,,,nAdjHE,1.0
,,,,,nAdjHE,1.0
,,,,,nAdjHE,1.0
,,,,,nAdjHE,1.0
,,,,,nAdjHE,0.6595264500729467
,,,,,nAdjHE,0.7994439032391366
,,,,,nAdjHE,1.0
,,,,,nAdjHE,1.0
,,,,,nAdjHE,0.3496667200075934
25.0,2.0,0.5,0.25,0.25,nAdjHE,0.7064690331246675
25.0,2.0,0.5,0.25,0.25,nAdjHE,0.6637270141970495
25.0,2.0,0.5,0.25,0.25,nAdjHE,0.5259343530210007
25.0,2.0,0.5,0.25,0.25,nAdjHE,0.6014752861875645
25.0,2.0,0.5,0.25,0.25,nAdjHE,0.7107791936787954
25.0,2.0,0.5,0.25,0.25,nAdjHE,0.6580709606339447
25.0,2.0,0.5,0.25,0.25,nAdjHE,0.5354419113430771
25.0,2.0,0.5,0.25,0.25,nAdjHE,0.6375659215641604
25.0,2.0,0.5,0.25,0.25,nAdjHE,0.6702568021012681
25.0,2.0,0.5,0.25,0.25,nAdjHE,0.7477994992787289
,,,,,nAdjHE,0.6800241954299451
,,,,,nAdjHE,0.6506529866258444
,,,,,nAdjHE,0.6933748101233553
,,,,,nAdjHE,0.7786950389318331
,,,,,nAdjHE,0.5619128493676832
,,,,,nAdjHE,0.643692106864455
,,,,,nAdjHE,0.8311106378703241
,,,,,nAdjHE,0.6900860298056726
,,,,,nAdjHE,0.6686498471182316
,,,,,nAdjHE,0.5772498915476707
,,,,,nAdjHE,0.6974368222777214
,,,,,nAdjHE,0.6942498209996535
,,,,,nAdjHE,0.6378782737867897
,,,,,nAdjHE,0.7198803757280587
,,,,,nAdjHE,0.7644724291835323
,,,,,nAdjHE,0.6919375516049193
,,,,,nAdjHE,0.70403440519622
,,,,,nAdjHE,0.6587214445356062
,,,,,nAdjHE,0.7151059432507723
,,,,,nAdjHE,0.7536096483772454
25.0,2.0,0.5,0.25,0.25,nAdjHE,0.7614632386236972
25.0,2.0,0.5,0.25,0.25,nAdjHE,0.3689174549982933
25.0,2.0,0.5,0.25,0.25,nAdjHE,0.5444211440614994
25.0,2.0,0.5,0.25,0.25,nAdjHE,0.7190217296580612
25.0,2.0,0.5,0.25,0.25,nAdjHE,0.4474825764808399
25.0,2.0,0.5,0.25,0.25,nAdjHE,0.6854287398290606
25.0,2.0,0.5,0.25,0.25,nAdjHE,0.4194944105889003
25.0,2.0,0.5,0.25,0.25,nAdjHE,0.7740987968575006
25.0,2.0,0.5,0.25,0.25,nAdjHE,0.4839865355654022
25.0,2.0,0.5,0.25,0.25,nAdjHE,0.8507702842567536
,,,,,nAdjHE,0.789553922517791
,,,,,nAdjHE,0.5339143491120553
,,,,,nAdjHE,0.5697953181576619
,,,,,nAdjHE,0.6613504401612198
,,,,,nAdjHE,0.6460156298188904
,,,,,nAdjHE,0.725892922852116
,,,,,nAdjHE,0.7112889303260033
,,,,,nAdjHE,0.6677077671719963
,,,,,nAdjHE,0.7307360612193625
,,,,,nAdjHE,0.5796037405574564
,,,,,nAdjHE,0.6324969387042958
,,,,,nAdjHE,0.6364829850898082
,,,,,nAdjHE,0.0878674811356465
,,,,,nAdjHE,0.6883704737155163
,,,,,nAdjHE,1.0
,,,,,nAdjHE,0.8477157112373572
,,,,,nAdjHE,0.2473968169215968
,,,,,nAdjHE,0.7445988584138139
,,,,,nAdjHE,0.6407747569839648
,,,,,nAdjHE,0.4613926429843376
25.0,2.0,0.5,0.25,0.25,nAdjHE,0.6707890522981961
25.0,2.0,0.5,0.25,0.25,nAdjHE,0.5854150483888401
25.0,2.0,0.5,0.25,0.25,nAdjHE,0.6822
25.0,2.0,0.5,0.25,0.25,nAdjHE,0.6063121786513734
25.0,2.0,0.5,0.25,0.25,nAdjHE,0.6702368735824896
25.0,2.0,0.5,0.25,0.25,nAdjHE,0.6684
25.0,2.0,0.5,0.25,0.25,nAdjHE,0.6276216734228569
25.0,2.0,0.5,0.25,0.25,nAdjHE,0.7493517417608693
25.0,2.0,0.5,0.25,0.25,nAdjHE,0.6846
25.0,2.0,0.5,0.25,0.25,nAdjHE,0.5360981334950199
25.0,1.0,0.5,0.25,0.25,AdjHE,0.4360612508426999
25.0,1.0,0.5,0.25,0.25,AdjHE,0.557719678300379
25.0,1.0,0.5,0.25,0.25,AdjHE,0.6799409763643821
25.0,1.0,0.5,0.25,0.25,AdjHE,0.7803133419574476
25.0,1.0,0.5,0.25,0.25,AdjHE,0.7747331133948717
25.0,1.0,0.5,0.25,0.25,AdjHE,0.6763534581814815
25.0,1.0,0.5,0.25,0.25,AdjHE,0.5851306127085432
25.0,1.0,0.5,0.25,0.25,AdjHE,0.761805449989387
25.0,1.0,0.5,0.25,0.25,AdjHE,0.6612141260290896
25.0,1.0,0.5,0.25,0.25,AdjHE,0.6195997679378298
,,,,,AdjHE,0.7579994453645419
,,,,,AdjHE,0.6818597578568787
,,,,,AdjHE,0.6038480628842269
,,,,,AdjHE,0.3857185119087676
,,,,,AdjHE,0.5534491446743143
,,,,,AdjHE,0.5887216563681091
,,,,,AdjHE,0.7801650815494404
,,,,,AdjHE,0.8451826682730283
,,,,,AdjHE,0.6666005053765525
,,,,,AdjHE,0.7103135477656645
,,,,,AdjHE,0.8318766680602294
,,,,,AdjHE,1.0
,,,,,AdjHE,0.1826672705115931
,,,,,AdjHE,0.4931663512407326
,,,,,AdjHE,1.0
,,,,,AdjHE,0.5970912690615421
,,,,,AdjHE,1.0
,,,,,AdjHE,0.5361153251804239
,,,,,AdjHE,0.3678684038751104
,,,,,AdjHE,0.3203609583852603
2.0,1.0,0.5,0.25,0.25,AdjHE,0.622917523383794
2.0,1.0,0.5,0.25,0.25,AdjHE,0.3877607566982832
2.0,1.0,0.5,0.25,0.25,AdjHE,0.6228308216148989
2.0,1.0,0.5,0.25,0.25,AdjHE,0.5595444964252491
2.0,1.0,0.5,0.25,0.25,AdjHE,0.5992568613641449
2.0,1.0,0.5,0.25,0.25,AdjHE,0.7719655230015513
2.0,1.0,0.5,0.25,0.25,AdjHE,0.6261831801567668
2.0,1.0,0.5,0.25,0.25,AdjHE,0.5523038368684479
2.0,1.0,0.5,0.25,0.25,AdjHE,0.8798082755332503
2.0,1.0,0.5,0.25,0.25,AdjHE,0.6938425440149038
,,,,,AdjHE,0.5090036324850441
,,,,,AdjHE,0.4866894167128821
,,,,,AdjHE,0.8156683328513565
,,,,,AdjHE,0.0334454578845832
,,,,,AdjHE,1.0
,,,,,AdjHE,1.0
,,,,,AdjHE,0.8165973206785815
,,,,,AdjHE,0.7624674997331249
,,,,,AdjHE,0.6020733930788615
,,,,,AdjHE,0.5942372946206529
,,,,,AdjHE,0.7201034485087355
,,,,,AdjHE,0.6748867979125389
,,,,,AdjHE,0.702869523515677
,,,,,AdjHE,0.7680327116474318
,,,,,AdjHE,0.6487473223743727
,,,,,AdjHE,0.6845398455035064
,,,,,AdjHE,0.6302307955937014
,,,,,AdjHE,0.593139115500291
,,,,,AdjHE,0.7016219917365831
,,,,,AdjHE,0.660712199705044
2.0,2.0,0.5,0.25,0.25,AdjHE,1.0
2.0,2.0,0.5,0.25,0.25,AdjHE,0.5637808241623521
2.0,2.0,0.5,0.25,0.25,AdjHE,0.7352867954212519
2.0,2.0,0.5,0.25,0.25,AdjHE,0.3772466123870901
2.0,2.0,0.5,0.25,0.25,AdjHE,0.5424204176594123
2.0,2.0,0.5,0.25,0.25,AdjHE,0.5516940019730404
2.0,2.0,0.5,0.25,0.25,AdjHE,0.9223873207257612
2.0,2.0,0.5,0.25,0.25,AdjHE,0.5958462143422597
2.0,2.0,0.5,0.25,0.25,AdjHE,0.3409759286320763
2.0,2.0,0.5,0.25,0.25,AdjHE,0.5656050209429255
,,,,,AdjHE,0.879560407175687
,,,,,AdjHE,0.711273525957092
,,,,,AdjHE,0.5318803896413643
,,,,,AdjHE,0.4995653683244117
,,,,,AdjHE,0.6059611975152677
,,,,,AdjHE,0.6827871638530285
,,,,,AdjHE,0.7548861783081604
,,,,,AdjHE,0.4423235886880008
,,,,,AdjHE,0.5760533847824336
,,,,,AdjHE,0.6136090217172436
,,,,,AdjHE,0.6945776842575313
,,,,,AdjHE,0.6231366006186465
,,,,,AdjHE,0.7405448309778223
,,,,,AdjHE,0.5350870058270637
,,,,,AdjHE,0.8498821836995639
,,,,,AdjHE,0.5181100104816148
,,,,,AdjHE,0.6552128229809151
,,,,,AdjHE,0.5776327022951897
,,,,,AdjHE,0.5617397476312007
25.0,1.0,0.5,0.25,0.25,AdjHE,0.6716677617280189
25.0,1.0,0.5,0.25,0.25,AdjHE,0.3573325060937993
25.0,1.0,0.5,0.25,0.25,AdjHE,1.0
25.0,1.0,0.5,0.25,0.25,AdjHE,1.0
25.0,1.0,0.5,0.25,0.25,AdjHE,0.6788138416297922
25.0,1.0,0.5,0.25,0.25,AdjHE,0.2488636252139081
25.0,1.0,0.5,0.25,0.25,AdjHE,0.8718883707199495
25.0,1.0,0.5,0.25,0.25,AdjHE,0.3473078379812542
25.0,1.0,0.5,0.25,0.25,AdjHE,0.4341547622485076
25.0,1.0,0.5,0.25,0.25,AdjHE,0.5642207444486256
,,,,,AdjHE,0.632422519304246
,,,,,AdjHE,0.9399779976140482
,,,,,AdjHE,0.6131207283573178
,,,,,AdjHE,0.7378349154191769
,,,,,AdjHE,0.3485163406632138
,,,,,AdjHE,0.6358455318195743
,,,,,AdjHE,0.8931390348434287
,,,,,AdjHE,0.9374494637736696
,,,,,AdjHE,0.3603476596848376
,,,,,AdjHE,0.2555773819530382
,,,,,AdjHE,0.7229520208032196
,,,,,AdjHE,0.9203885730419156
,,,,,AdjHE,0.3646285774040622
,,,,,AdjHE,0.7591955310111913
,,,,,AdjHE,0.98506028747104
,,,,,AdjHE,0.9403375418376364
,,,,,AdjHE,0.2635459299024543
,,,,,AdjHE,0.805483545121102
,,,,,AdjHE,1.0
,,,,,AdjHE,1.0
25.0,2.0,0.5,0.25,0.25,AdjHE,0.4193661742482068
25.0,2.0,0.5,0.25,0.25,AdjHE,0.6107141624554875
25.0,2.0,0.5,0.25,0.25,AdjHE,0.4086813203621787
25.0,2.0,0.5,0.25,0.25,AdjHE,0.4080111037966873
25.0,2.0,0.5,0.25,0.25,AdjHE,0.1776633602160284
25.0,2.0,0.5,0.25,0.25,AdjHE,0.1303981628828902
25.0,2.0,0.5,0.25,0.25,AdjHE,1.0
25.0,2.0,0.5,0.25,0.25,AdjHE,0.2645876066360592
25.0,2.0,0.5,0.25,0.25,AdjHE,1.0
25.0,2.0,0.5,0.25,0.25,AdjHE,0.7155945832383007
,,,,,AdjHE,0.0839642678153651
,,,,,AdjHE,0.1992001162144288
,,,,,AdjHE,0.7256173004876073
,,,,,AdjHE,0.8551144850367347
,,,,,AdjHE,0.5965981862097728
,,,,,AdjHE,0.4518450874862533
,,,,,AdjHE,0.729600913200306
,,,,,AdjHE,0.771515630640396
,,,,,AdjHE,0.9965189393501588
,,,,,AdjHE,0.9456839604017924
,,,,,AdjHE,0.6769340873213732
,,,,,AdjHE,0.6240718640709818
,,,,,AdjHE,0.6307629874066915
,,,,,AdjHE,0.576976543837126
,,,,,AdjHE,0.6200037421604008
,,,,,AdjHE,0.7255074094787533
,,,,,AdjHE,0.6019541243535893
,,,,,AdjHE,0.5173783855667952
,,,,,AdjHE,0.5204882412065559
,,,,,AdjHE,0.6147549779656655
25.0,1.0,0.5,0.25,0.25,AdjHE,0.5871990175640668
25.0,1.0,0.5,0.25,0.25,AdjHE,0.4605074687755205
25.0,1.0,0.5,0.25,0.25,AdjHE,0.4174551484136728
25.0,1.0,0.5,0.25,0.25,AdjHE,1.0
25.0,1.0,0.5,0.25,0.25,AdjHE,1.0
25.0,1.0,0.5,0.25,0.25,AdjHE,0.6423596090918343
25.0,1.0,0.5,0.25,0.25,AdjHE,0.6529525372822859
25.0,1.0,0.5,0.25,0.25,AdjHE,0.5419290452558859
25.0,1.0,0.5,0.25,0.25,AdjHE,0.71622807791443
25.0,1.0,0.5,0.25,0.25,AdjHE,0.3086699561564222
,,,,,AdjHE,0.6395070643969437
,,,,,AdjHE,0.7882415473226226
,,,,,AdjHE,0.5933692786052002
,,,,,AdjHE,0.6475733961780377
,,,,,AdjHE,0.3154948634841302
,,,,,AdjHE,0.8943913331386966
,,,,,AdjHE,0.4497106439993666
,,,,,AdjHE,0.4720015853204744
,,,,,AdjHE,0.7506561633207789
,,,,,AdjHE,0.5945524446914967
,,,,,AdjHE,0.7804511862314079
,,,,,AdjHE,0.7607985849201515
,,,,,AdjHE,0.5806585815833214
,,,,,AdjHE,0.8180614273228991
,,,,,AdjHE,0.6799209002425656
,,,,,AdjHE,0.4085353286156877
,,,,,AdjHE,0.7098909808664318
,,,,,AdjHE,0.826257148926067
,,,,,AdjHE,0.7041495811797698
,,,,,AdjHE,0.7697427239237594
25.0,2.0,0.5,0.25,0.25,AdjHE,0.7584021218249914
25.0,2.0,0.5,0.25,0.25,AdjHE,0.623186619323587
25.0,2.0,0.5,0.25,0.25,AdjHE,0.5232197259382441
25.0,2.0,0.5,0.25,0.25,AdjHE,0.5668674498369118
25.0,2.0,0.5,0.25,0.25,AdjHE,0.549471527590407
25.0,2.0,0.5,0.25,0.25,AdjHE,0.7697335985892649
25.0,2.0,0.5,0.25,0.25,AdjHE,0.5787048531785294
25.0,2.0,0.5,0.25,0.25,AdjHE,0.6272814598137428
25.0,2.0,0.5,0.25,0.25,AdjHE,0.6283369515969758
25.0,2.0,0.5,0.25,0.25,AdjHE,0.4467419806076179
,,,,,AdjHE,0.5884728303692955
,,,,,AdjHE,0.3568011910659473
,,,,,AdjHE,0.523338451824363
,,,,,AdjHE,0.0973829861230509
,,,,,AdjHE,1.0
,,,,,AdjHE,0.4746074347034185
,,,,,AdjHE,1.0
,,,,,AdjHE,0.5518326002763653
,,,,,AdjHE,0.520515009895464
,,,,,AdjHE,0.5697088252441115
,,,,,AdjHE,0.0811105365914578
,,,,,AdjHE,0.4062760469887074
,,,,,AdjHE,0.8981185327819332
,,,,,AdjHE,0.4595734127772924
,,,,,AdjHE,0.7533582274550908
,,,,,AdjHE,0.6475945028859759
,,,,,AdjHE,1.0
,,,,,AdjHE,0.6026307825448245
,,,,,AdjHE,1.0
,,,,,AdjHE,0.6730767327599142
25.0,1.0,0.5,0.25,0.25,AdjHE,0.3392821716775314
25.0,1.0,0.5,0.25,0.25,AdjHE,1.0
25.0,1.0,0.5,0.25,0.25,AdjHE,0.8218434654537865
25.0,1.0,0.5,0.25,0.25,AdjHE,0.2426695022474867
25.0,1.0,0.5,0.25,0.25,AdjHE,0.4320424795983242
25.0,1.0,0.5,0.25,0.25,AdjHE,0.8519199123292891
25.0,1.0,0.5,0.25,0.25,AdjHE,0.8508836310212774
25.0,1.0,0.5,0.25,0.25,AdjHE,0.3364975957902465
25.0,1.0,0.5,0.25,0.25,AdjHE,0.5923483936997129
25.0,1.0,0.5,0.25,0.25,AdjHE,0.2991021957322909
,,,,,AdjHE,0.6573900853179508
,,,,,AdjHE,0.5688938871001189
,,,,,AdjHE,0.6158700752244409
,,,,,AdjHE,0.5911508843946123
,,,,,AdjHE,0.69796642524638
,,,,,AdjHE,0.829160745847856
,,,,,AdjHE,0.5885929912868715
,,,,,AdjHE,0.6196831385933436
,,,,,AdjHE,0.5595262713289418
,,,,,AdjHE,0.5151519734516946
,,,,,AdjHE,0.4709564819585001
,,,,,AdjHE,0.7993054371104859
,,,,,AdjHE,0.99576012846951
,,,,,AdjHE,0.7467047731988089
,,,,,AdjHE,0.708228167947863
,,,,,AdjHE,0.6197082185929406
,,,,,AdjHE,0.6708264622965009
,,,,,AdjHE,0.5935138468308746
,,,,,AdjHE,0.691323275929229
,,,,,AdjHE,0.7836629859479544
2.0,1.0,0.5,0.25,0.25,AdjHE,0.7398328033961549
2.0,1.0,0.5,0.25,0.25,AdjHE,0.5309427926655528
2.0,1.0,0.5,0.25,0.25,AdjHE,0.6370143009735784
2.0,1.0,0.5,0.25,0.25,AdjHE,0.6040512111702915
2.0,1.0,0.5,0.25,0.25,AdjHE,0.5613138907709365
2.0,1.0,0.5,0.25,0.25,AdjHE,0.6795527137598358
2.0,1.0,0.5,0.25,0.25,AdjHE,0.7042503924539857
2.0,1.0,0.5,0.25,0.25,AdjHE,0.639868753873806
2.0,1.0,0.5,0.25,0.25,AdjHE,0.593292997213293
2.0,1.0,0.5,0.25,0.25,AdjHE,0.5675480884232106
,,,,,AdjHE,0.4742295724413373
,,,,,AdjHE,0.7907370116759388
,,,,,AdjHE,0.4172182069326594
,,,,,AdjHE,0.8187924850506105
,,,,,AdjHE,0.4651412122515761
,,,,,AdjHE,0.6989851825862287
,,,,,AdjHE,0.7129961934037476
,,,,,AdjHE,0.7794895376442456
,,,,,AdjHE,0.6052763467524108
,,,,,AdjHE,0.7202136226736802
,,,,,AdjHE,0.9553207415491052
,,,,,AdjHE,0.8072712317456728
,,,,,AdjHE,0.3187108861155368
,,,,,AdjHE,0.5108544575896262
,,,,,AdjHE,0.4138174928827663
,,,,,AdjHE,0.3087997617625578
,,,,,AdjHE,0.6697332148233591
,,,,,AdjHE,0.452157339411449
,,,,,AdjHE,0.8507804909945131
,,,,,AdjHE,0.2842467552795107
2.0,2.0,0.5,0.25,0.25,AdjHE,0.7519911736156564
2.0,2.0,0.5,0.25,0.25,AdjHE,0.4935076677881348
2.0,2.0,0.5,0.25,0.25,AdjHE,0.6494600282756416
2.0,2.0,0.5,0.25,0.25,AdjHE,0.5096520147860583
2.0,2.0,0.5,0.25,0.25,AdjHE,1.0
2.0,2.0,0.5,0.25,0.25,AdjHE,0.5859271119862179
2.0,2.0,0.5,0.25,0.25,AdjHE,1.0
2.0,2.0,0.5,0.25,0.25,AdjHE,0.4200364592993792
2.0,2.0,0.5,0.25,0.25,AdjHE,0.7343354578898423
2.0,2.0,0.5,0.25,0.25,AdjHE,0.6924952282137934
,,,,,AdjHE,0.557102758768196
,,,,,AdjHE,0.802440034036097
,,,,,AdjHE,0.620207152923633
,,,,,AdjHE,0.9197672510659602
,,,,,AdjHE,0.6659946876479944
,,,,,AdjHE,0.6096818004945969
,,,,,AdjHE,0.7792179146198566
,,,,,AdjHE,0.5726588676287817
,,,,,AdjHE,0.8625607031559701
,,,,,AdjHE,0.7929440088429515
,,,,,AdjHE,0.7716063458180833
,,,,,AdjHE,1.0
,,,,,AdjHE,0.2330831104535141
,,,,,AdjHE,0.9028232073671856
,,,,,AdjHE,0.5625399610367785
,,,,,AdjHE,0.4439803171697114
,,,,,AdjHE,0.0163034776788056
,,,,,AdjHE,0.3995004647887075
,,,,,AdjHE,0.4187186290829786
,,,,,AdjHE,0.3625683883156966
25.0,2.0,0.5,0.25,0.25,AdjHE,0.8565677351256223
25.0,2.0,0.5,0.25,0.25,AdjHE,0.6323857826150314
25.0,2.0,0.5,0.25,0.25,AdjHE,1.0
25.0,2.0,0.5,0.25,0.25,AdjHE,1.0
25.0,2.0,0.5,0.25,0.25,AdjHE,0.4875824720963539
25.0,2.0,0.5,0.25,0.25,AdjHE,0.2021266038443109
25.0,2.0,0.5,0.25,0.25,AdjHE,1.0
25.0,2.0,0.5,0.25,0.25,AdjHE,0.3641068164636997
25.0,2.0,0.5,0.25,0.25,AdjHE,0.389609357856221
25.0,2.0,0.5,0.25,0.25,AdjHE,0.4914023327478226
,,,,,AdjHE,0.677647088844788
,,,,,AdjHE,0.7158712366897925
,,,,,AdjHE,0.8287561993322596
,,,,,AdjHE,0.6197911888852518
,,,,,AdjHE,0.7648896785070733
,,,,,AdjHE,0.8621798839142195
,,,,,AdjHE,0.7350057657473213
,,,,,AdjHE,0.6505014648910992
,,,,,AdjHE,0.8517403514480614
,,,,,AdjHE,0.7376821180692708
,,,,,AdjHE,0.7193060754660657
,,,,,AdjHE,1.0
,,,,,AdjHE,1.0
,,,,,AdjHE,0.8659720680413787
,,,,,AdjHE,0.4417810266741131
,,,,,AdjHE,0.6391474568160467
,,,,,AdjHE,0.7885906917015879
,,,,,AdjHE,1.0
,,,,,AdjHE,1.0
,,,,,AdjHE,0.7960266675488404
25.0,2.0,0.5,0.25,0.25,AdjHE,0.34703490722077
25.0,2.0,0.5,0.25,0.25,AdjHE,0.5551795486424967
25.0,2.0,0.5,0.25,0.25,AdjHE,0.5796796864094834
25.0,2.0,0.5,0.25,0.25,AdjHE,0.5693815809338462
25.0,2.0,0.5,0.25,0.25,AdjHE,0.6755587194001559
25.0,2.0,0.5,0.25,0.25,AdjHE,0.8185386545391267
25.0,2.0,0.5,0.25,0.25,AdjHE,0.4770902452184873
25.0,2.0,0.5,0.25,0.25,AdjHE,0.7074753222341302
25.0,2.0,0.5,0.25,0.25,AdjHE,0.5960637316536255
25.0,2.0,0.5,0.25,0.25,AdjHE,0.719574708312127
,,,,,AdjHE,0.6362175027888745
,,,,,AdjHE,0.693540176003136
,,,,,AdjHE,0.7245536295962268
,,,,,AdjHE,0.635205638301474
,,,,,AdjHE,0.6112397489458452
,,,,,AdjHE,0.7170483067568884
,,,,,AdjHE,0.7336275893948896
,,,,,AdjHE,0.6531173963897776
,,,,,AdjHE,0.6583661316342381
,,,,,AdjHE,0.7747972223050718
,,,,,AdjHE,0.774981967578312
,,,,,AdjHE,0.6434017451651186
,,,,,AdjHE,0.7196408535965891
,,,,,AdjHE,0.5627822970030005
,,,,,AdjHE,0.7585112156656094
,,,,,AdjHE,0.6414298718442057
,,,,,AdjHE,0.7019629859123497
,,,,,AdjHE,0.7704219331123645
,,,,,AdjHE,0.691788934725692
,,,,,AdjHE,0.6659807809077948
25.0,2.0,0.5,0.25,0.25,AdjHE,0.6351899437902463
25.0,2.0,0.5,0.25,0.25,AdjHE,0.3485208552905547
25.0,2.0,0.5,0.25,0.25,AdjHE,0.4191899180108677
25.0,2.0,0.5,0.25,0.25,AdjHE,0.702099400201504
25.0,2.0,0.5,0.25,0.25,AdjHE,0.4388815170889471
25.0,2.0,0.5,0.25,0.25,AdjHE,0.6685698495033613
25.0,2.0,0.5,0.25,0.25,AdjHE,0.3850830017434486
25.0,2.0,0.5,0.25,0.25,AdjHE,0.6817582150335997
25.0,2.0,0.5,0.25,0.25,AdjHE,0.408858616386555
25.0,2.0,0.5,0.25,0.25,AdjHE,0.8427087156898011
,,,,,AdjHE,0.7002193012542393
,,,,,AdjHE,0.5269956678305678
,,,,,AdjHE,0.4671007728637903
,,,,,AdjHE,0.6771174687583087
,,,,,AdjHE,0.6793719931732103
,,,,,AdjHE,0.5841736391911561
,,,,,AdjHE,0.699030869491963
,,,,,AdjHE,0.8005093546627294
,,,,,AdjHE,0.4277555479134291
,,,,,AdjHE,0.6188476982036495
,,,,,AdjHE,0.678317671786067
,,,,,AdjHE,0.6143385259038175
,,,,,AdjHE,0.0825951211926351
,,,,,AdjHE,0.4775062761771573
,,,,,AdjHE,1.0
,,,,,AdjHE,0.6115602031050292
,,,,,AdjHE,0.1974110784343981
,,,,,AdjHE,0.6809138070550582
,,,,,AdjHE,0.5807071149695493
,,,,,AdjHE,0.3514353050671435
25.0,2.0,0.5,0.25,0.25,AdjHE,0.6559299757647772
25.0,2.0,0.5,0.25,0.25,AdjHE,0.6596061690974627
25.0,2.0,0.5,0.25,0.25,AdjHE,0.7076233037967524
25.0,2.0,0.5,0.25,0.25,AdjHE,0.6142590933443692
25.0,2.0,0.5,0.25,0.25,AdjHE,0.6099006688562502
25.0,2.0,0.5,0.25,0.25,AdjHE,0.799697331131581
25.0,2.0,0.5,0.25,0.25,AdjHE,0.6189926381843678
25.0,2.0,0.5,0.25,0.25,AdjHE,0.6386252511848725
25.0,2.0,0.5,0.25,0.25,AdjHE,0.7618536240638517
25.0,2.0,0.5,0.25,0.25,AdjHE,0.5603363469090351
25.0,1.0,0.5,0.25,0.25,SWD,0.7098844563073604
25.0,1.0,0.5,0.25,0.25,SWD,0.6396230898906402
25.0,1.0,0.5,0.25,0.25,SWD,0.6208166995464477
25.0,1.0,0.5,0.25,0.25,SWD,0.9464183191937274
25.0,1.0,0.5,0.25,0.25,SWD,0.7093741803496184
25.0,1.0,0.5,0.25,0.25,SWD,0.840188567088817
25.0,1.0,0.5,0.25,0.25,SWD,0.7527739000826795
25.0,1.0,0.5,0.25,0.25,SWD,0.5874920804139662
25.0,1.0,0.5,0.25,0.25,SWD,0.7739017984539094
25.0,1.0,0.5,0.25,0.25,SWD,0.5765933806257733
,,,,,SWD,0.7579994453645431
,,,,,SWD,0.6818597578568779
,,,,,SWD,0.6038480628842247
,,,,,SWD,0.3857185119087756
,,,,,SWD,0.5534491446743129
,,,,,SWD,0.5887216563681065
,,,,,SWD,0.7801650815494385
,,,,,SWD,0.8451826682730283
,,,,,SWD,0.6666005053765514
,,,,,SWD,0.7103135477656645
,,,,,SWD,0.8318766687481142
,,,,,SWD,1.0
,,,,,SWD,0.1826672705115932
,,,,,SWD,0.4931663512407332
,,,,,SWD,1.0
,,,,,SWD,0.5970912692663715
,,,,,SWD,1.0
,,,,,SWD,0.5361153251804227
,,,,,SWD,0.3678684037633011
,,,,,SWD,1.0
2.0,1.0,0.5,0.25,0.25,SWD,0.737205106308483
2.0,1.0,0.5,0.25,0.25,SWD,0.6536762866409874
2.0,1.0,0.5,0.25,0.25,SWD,0.6650358989957392
2.0,1.0,0.5,0.25,0.25,SWD,0.7909479284550442
2.0,1.0,0.5,0.25,0.25,SWD,0.648020186347341
2.0,1.0,0.5,0.25,0.25,SWD,0.7139502497815756
2.0,1.0,0.5,0.25,0.25,SWD,0.7128538897568821
2.0,1.0,0.5,0.25,0.25,SWD,0.7278591808325139
2.0,1.0,0.5,0.25,0.25,SWD,0.5443010259236113
2.0,1.0,0.5,0.25,0.25,SWD,0.843293319887995
,,,,,SWD,0.2251390106456228
,,,,,SWD,0.1687420473509767
,,,,,SWD,0.5436783800986099
,,,,,SWD,0.0195229413221391
,,,,,SWD,0.8182066334557601
,,,,,SWD,0.4220284859523029
,,,,,SWD,0.5160749840198433
,,,,,SWD,0.5958999654908983
,,,,,SWD,0.4127768682873088
,,,,,SWD,0.6587280394849729
,,,,,SWD,0.7930657169595113
,,,,,SWD,0.6904522857643094
,,,,,SWD,0.7977759069494904
,,,,,SWD,0.6595930251442368
,,,,,SWD,0.577282847945701
,,,,,SWD,0.7118233157271745
,,,,,SWD,0.657636047942398
,,,,,SWD,0.6406044732309869
,,,,,SWD,0.7883428141274701
,,,,,SWD,0.7948862102823768
2.0,2.0,0.5,0.25,0.25,SWD,0.7012530948109472
2.0,2.0,0.5,0.25,0.25,SWD,0.3102673153585085
2.0,2.0,0.5,0.25,0.25,SWD,0.2298667587159096
2.0,2.0,0.5,0.25,0.25,SWD,0.1643652551595409
2.0,2.0,0.5,0.25,0.25,SWD,0.5778186450099643
2.0,2.0,0.5,0.25,0.25,SWD,0.5974961227924225
2.0,2.0,0.5,0.25,0.25,SWD,0.5399031317674169
2.0,2.0,0.5,0.25,0.25,SWD,0.4740625704021169
2.0,2.0,0.5,0.25,0.25,SWD,0.2366225242573402
2.0,2.0,0.5,0.25,0.25,SWD,0.6913718527365024
,,,,,SWD,0.5325986324418209
,,,,,SWD,0.9109587254917724
,,,,,SWD,0.7374835996068834
,,,,,SWD,0.7874044966079841
,,,,,SWD,0.8240265223069568
,,,,,SWD,0.521405422255492
,,,,,SWD,0.7831054852120382
,,,,,SWD,0.8685164372992142
,,,,,SWD,0.7519657923439613
,,,,,SWD,0.8681686230744413
,,,,,SWD,0.6945776842575292
,,,,,SWD,0.6231366006186472
,,,,,SWD,0.740544830977823
,,,,,SWD,0.5350870058270618
,,,,,SWD,0.8498821836995628
,,,,,SWD,0.5181100104816178
,,,,,SWD,0.6552128229809151
,,,,,SWD,0.5776327022951897
,,,,,SWD,0.5617397476312016
25.0,1.0,0.5,0.25,0.25,SWD,0.6716677617280189
25.0,1.0,0.5,0.25,0.25,SWD,0.3573325059889224
25.0,1.0,0.5,0.25,0.25,SWD,1.0
25.0,1.0,0.5,0.25,0.25,SWD,1.0
25.0,1.0,0.5,0.25,0.25,SWD,0.678813841898772
25.0,1.0,0.5,0.25,0.25,SWD,0.2488636252471686
25.0,1.0,0.5,0.25,0.25,SWD,0.8718883707199495
25.0,1.0,0.5,0.25,0.25,SWD,0.3473078380342936
25.0,1.0,0.5,0.25,0.25,SWD,0.4341547623102818
25.0,1.0,0.5,0.25,0.25,SWD,0.5642207447726473
,,,,,SWD,0.6617860109458348
,,,,,SWD,0.419361146726724
,,,,,SWD,0.6629071928239806
,,,,,SWD,0.5170722132402591
,,,,,SWD,0.5384920816898522
,,,,,SWD,0.3312687831772082
,,,,,SWD,0.5168274539002138
,,,,,SWD,0.5447316920491068
,,,,,SWD,0.175727789926806
,,,,,SWD,0.1759430530863085
,,,,,SWD,0.9148390082191062
,,,,,SWD,0.4618049936176824
,,,,,SWD,0.5248401611913038
,,,,,SWD,0.523543845799578
,,,,,SWD,0.5466017376218879
,,,,,SWD,0.5608379218776571
,,,,,SWD,0.1574150268693734
,,,,,SWD,0.4953642242705076
,,,,,SWD,0.7551286676710689
,,,,,SWD,0.8537641347578859
25.0,2.0,0.5,0.25,0.25,SWD,0.8795223384683838
25.0,2.0,0.5,0.25,0.25,SWD,0.2506221180542708
25.0,2.0,0.5,0.25,0.25,SWD,0.1977443789184345
25.0,2.0,0.5,0.25,0.25,SWD,0.5762785640655369
25.0,2.0,0.5,0.25,0.25,SWD,0.0890399633006317
25.0,2.0,0.5,0.25,0.25,SWD,0.1005294774107563
25.0,2.0,0.5,0.25,0.25,SWD,0.5532242648690872
25.0,2.0,0.5,0.25,0.25,SWD,0.2338515847920552
25.0,2.0,0.5,0.25,0.25,SWD,0.7425850188512113
25.0,2.0,0.5,0.25,0.25,SWD,0.7985123474478044
,,,,,SWD,0.0116976851413127
,,,,,SWD,0.1623244958278605
,,,,,SWD,0.3259419257024471
,,,,,SWD,0.6073888369357022
,,,,,SWD,0.5996501778520401
,,,,,SWD,0.172559124306289
,,,,,SWD,0.5272794854037932
,,,,,SWD,0.6685446011274601
,,,,,SWD,0.5419797781918747
,,,,,SWD,0.6685803996546871
,,,,,SWD,0.91597328222257
,,,,,SWD,0.817101759368191
,,,,,SWD,0.754601079974767
,,,,,SWD,0.6465806253195123
,,,,,SWD,0.5589872969534363
,,,,,SWD,0.6885205892227599
,,,,,SWD,0.8438136590546507
,,,,,SWD,0.6266579376935412
,,,,,SWD,0.597471487216908
,,,,,SWD,0.6531572055074039
25.0,1.0,0.5,0.25,0.25,SWD,0.7665442687623185
25.0,1.0,0.5,0.25,0.25,SWD,0.9593148272573552
25.0,1.0,0.5,0.25,0.25,SWD,0.4790094930517292
25.0,1.0,0.5,0.25,0.25,SWD,0.9032774447530556
25.0,1.0,0.5,0.25,0.25,SWD,0.7539693665089948
25.0,1.0,0.5,0.25,0.25,SWD,0.5199924326353628
25.0,1.0,0.5,0.25,0.25,SWD,0.4323130854940947
25.0,1.0,0.5,0.25,0.25,SWD,0.6755570569560417
25.0,1.0,0.5,0.25,0.25,SWD,0.5446046561146168
25.0,1.0,0.5,0.25,0.25,SWD,0.2627231089552068
,,,,,SWD,0.4083035037619492
,,,,,SWD,0.7882415473226219
,,,,,SWD,0.5933692786052001
,,,,,SWD,0.6475733961780357
,,,,,SWD,0.3154948634344519
,,,,,SWD,0.8943913331386968
,,,,,SWD,0.4497106439993624
,,,,,SWD,0.4720015851794942
,,,,,SWD,0.7506561633207792
,,,,,SWD,0.594552444521712
,,,,,SWD,0.7804511862314077
,,,,,SWD,0.7607985849201526
,,,,,SWD,0.5806585815833193
,,,,,SWD,0.818061427322899
,,,,,SWD,0.6799209002425662
,,,,,SWD,0.4085353286156889
,,,,,SWD,0.7098909808664309
,,,,,SWD,0.8262571489260657
,,,,,SWD,0.7041495811797698
,,,,,SWD,0.7697427239237601
25.0,2.0,0.5,0.25,0.25,SWD,0.7584021218249929
25.0,2.0,0.5,0.25,0.25,SWD,0.6841070293966188
25.0,2.0,0.5,0.25,0.25,SWD,0.5938704633011846
25.0,2.0,0.5,0.25,0.25,SWD,0.7655193820042845
25.0,2.0,0.5,0.25,0.25,SWD,0.6309936873653583
25.0,2.0,0.5,0.25,0.25,SWD,0.6645468186572614
25.0,2.0,0.5,0.25,0.25,SWD,0.6142902204227998
25.0,2.0,0.5,0.25,0.25,SWD,0.7982698065656119
25.0,2.0,0.5,0.25,0.25,SWD,0.7610449972853794
25.0,2.0,0.5,0.25,0.25,SWD,0.7979301205949779
,,,,,SWD,0.698110565132628
,,,,,SWD,0.2311107541896979
,,,,,SWD,0.2193461100127096
,,,,,SWD,0.1235004989149432
,,,,,SWD,0.8138688156140217
,,,,,SWD,1.0
,,,,,SWD,0.6040880093557045
,,,,,SWD,0.355137669640379
,,,,,SWD,0.3173374510364303
,,,,,SWD,0.3261989117286532
,,,,,SWD,0.0595863231462814
,,,,,SWD,0.2891152277339017
,,,,,SWD,0.4381876520473754
,,,,,SWD,0.2726044584278634
,,,,,SWD,0.4314370472173339
,,,,,SWD,0.413714745020125
,,,,,SWD,0.7124978833301598
,,,,,SWD,0.4940884921200031
,,,,,SWD,1.0
,,,,,SWD,0.3605093617144659
25.0,1.0,0.5,0.25,0.25,SWD,1.0
25.0,1.0,0.5,0.25,0.25,SWD,0.6529729086322067
25.0,1.0,0.5,0.25,0.25,SWD,0.5316834932335937
25.0,1.0,0.5,0.25,0.25,SWD,0.2141817833916069
25.0,1.0,0.5,0.25,0.25,SWD,0.2503361490686569
25.0,1.0,0.5,0.25,0.25,SWD,0.5457742580578038
25.0,1.0,0.5,0.25,0.25,SWD,0.4379995017439613
25.0,1.0,0.5,0.25,0.25,SWD,1.0
25.0,1.0,0.5,0.25,0.25,SWD,0.6156220618839607
25.0,1.0,0.5,0.25,0.25,SWD,0.1319922949901309
,,,,,SWD,0.492350120981208
,,,,,SWD,0.7674587790037158
,,,,,SWD,0.7791923446213875
,,,,,SWD,0.6901057042444514
,,,,,SWD,0.6322823136788251
,,,,,SWD,0.7384003732728673
,,,,,SWD,0.5223515184162197
,,,,,SWD,0.7178284179212829
,,,,,SWD,0.7314263533940366
,,,,,SWD,0.6761696625399426
,,,,,SWD,0.5642069919036473
,,,,,SWD,0.7993054371104853
,,,,,SWD,0.9957601284695112
,,,,,SWD,0.7467047731988082
,,,,,SWD,0.7082281679478649
,,,,,SWD,0.619708218592941
,,,,,SWD,0.6708264622965004
,,,,,SWD,0.593513846830875
,,,,,SWD,0.6913232759292298
,,,,,SWD,0.7836629859479549
2.0,1.0,0.5,0.25,0.25,SWD,0.739832803396155
2.0,1.0,0.5,0.25,0.25,SWD,0.7193586492888439
2.0,1.0,0.5,0.25,0.25,SWD,0.7446603543144658
2.0,1.0,0.5,0.25,0.25,SWD,0.7461172694410236
2.0,1.0,0.5,0.25,0.25,SWD,0.7560561917687156
2.0,1.0,0.5,0.25,0.25,SWD,0.596445517233208
2.0,1.0,0.5,0.25,0.25,SWD,0.4864181814177293
2.0,1.0,0.5,0.25,0.25,SWD,0.7330473495405427
2.0,1.0,0.5,0.25,0.25,SWD,0.674987411420653
2.0,1.0,0.5,0.25,0.25,SWD,0.6389629049606086
,,,,,SWD,0.717820994582009
,,,,,SWD,0.7907370116759395
,,,,,SWD,0.4172182069326597
,,,,,SWD,0.8187924850506112
,,,,,SWD,0.4651412122515756
,,,,,SWD,0.6989851825862293
,,,,,SWD,0.7129961934037465
,,,,,SWD,0.779489537644245
,,,,,SWD,0.6052763467524095
,,,,,SWD,0.7202136226736805
,,,,,SWD,0.955320741549104
,,,,,SWD,0.8072712317456727
,,,,,SWD,0.3187108861155368
,,,,,SWD,0.5108544575896267
,,,,,SWD,0.4138174928239509
,,,,,SWD,0.3087997617625587
,,,,,SWD,0.6697332148233592
,,,,,SWD,0.4521573393083748
,,,,,SWD,0.850780490994513
,,,,,SWD,0.2842467552795104
2.0,2.0,0.5,0.25,0.25,SWD,0.7519911736156563
2.0,2.0,0.5,0.25,0.25,SWD,0.4935076677881336
2.0,2.0,0.5,0.25,0.25,SWD,0.6494600285996732
2.0,2.0,0.5,0.25,0.25,SWD,0.509652014786058
2.0,2.0,0.5,0.25,0.25,SWD,1.0
2.0,2.0,0.5,0.25,0.25,SWD,0.5859271119862163
2.0,2.0,0.5,0.25,0.25,SWD,1.0
2.0,2.0,0.5,0.25,0.25,SWD,0.4200364592993796
2.0,2.0,0.5,0.25,0.25,SWD,0.7343354576836575
2.0,2.0,0.5,0.25,0.25,SWD,0.6924952282137927
,,,,,SWD,0.557102758768196
,,,,,SWD,0.8024400340360976
,,,,,SWD,0.6202071529236318
,,,,,SWD,0.919767251065959
,,,,,SWD,0.6659946876479944
,,,,,SWD,0.6096818004945942
,,,,,SWD,0.779217914619856
,,,,,SWD,0.5726588676287824
,,,,,SWD,0.8625607031559682
,,,,,SWD,0.7929440088429506
,,,,,SWD,0.7716063458180833
,,,,,SWD,1.0
,,,,,SWD,0.2330831104535182
,,,,,SWD,0.9028232069042036
,,,,,SWD,0.5625399610367785
,,,,,SWD,0.4439803172914909
,,,,,SWD,0.0163034776788058
,,,,,SWD,0.3995004647887069
,,,,,SWD,0.4187186292942014
,,,,,SWD,0.3625683883156954
25.0,2.0,0.5,0.25,0.25,SWD,0.8565677351256215
25.0,2.0,0.5,0.25,0.25,SWD,0.6323857826150323
25.0,2.0,0.5,0.25,0.25,SWD,1.0
25.0,2.0,0.5,0.25,0.25,SWD,1.0
25.0,2.0,0.5,0.25,0.25,SWD,0.4875824720963553
25.0,2.0,0.5,0.25,0.25,SWD,0.2021266038767167
25.0,2.0,0.5,0.25,0.25,SWD,1.0
25.0,2.0,0.5,0.25,0.25,SWD,0.3641068164636987
25.0,2.0,0.5,0.25,0.25,SWD,0.3896093579515003
25.0,2.0,0.5,0.25,0.25,SWD,0.4914023328686405
,,,,,SWD,0.67764708884479
,,,,,SWD,0.7158712366897925
,,,,,SWD,0.828756199332259
,,,,,SWD,0.6197911888852509
,,,,,SWD,0.7648896785070733
,,,,,SWD,0.8621798839142188
,,,,,SWD,0.735005765747322
,,,,,SWD,0.6505014648910986
,,,,,SWD,0.8517403514480607
,,,,,SWD,0.7376821180692719
,,,,,SWD,0.7193060754660657
,,,,,SWD,1.0
,,,,,SWD,1.0
,,,,,SWD,0.8659720680413789
,,,,,SWD,0.4417810266741131
,,,,,SWD,0.6391474571629872
,,,,,SWD,0.7885906920912049
,,,,,SWD,1.0
,,,,,SWD,1.0
,,,,,SWD,0.7960266675488405
25.0,2.0,0.5,0.25,0.25,SWD,0.6037327681562434
25.0,2.0,0.5,0.25,0.25,SWD,0.7630373207120167
25.0,2.0,0.5,0.25,0.25,SWD,0.6722425250133698
25.0,2.0,0.5,0.25,0.25,SWD,0.6979774773364086
25.0,2.0,0.5,0.25,0.25,SWD,0.7335866869979809
25.0,2.0,0.5,0.25,0.25,SWD,0.4874510683086033
25.0,2.0,0.5,0.25,0.25,SWD,0.6501756049017964
25.0,2.0,0.5,0.25,0.25,SWD,0.6823771755966712
25.0,2.0,0.5,0.25,0.25,SWD,0.8188391955603037
25.0,2.0,0.5,0.25,0.25,SWD,0.5919184254800246
,,,,,SWD,0.7967997469780524
,,,,,SWD,0.6935401760031371
,,,,,SWD,0.7245536295962257
,,,,,SWD,0.6352056383014746
,,,,,SWD,0.6112397489458452
,,,,,SWD,0.7170483067568884
,,,,,SWD,0.73362758939489
,,,,,SWD,0.653117396389777
,,,,,SWD,0.6583661316342388
,,,,,SWD,0.774797222305071
,,,,,SWD,0.7749819675783114
,,,,,SWD,0.643401745165117
,,,,,SWD,0.7196408535965886
,,,,,SWD,0.5627822970029999
,,,,,SWD,0.7585112156656095
,,,,,SWD,0.6414298718442049
,,,,,SWD,0.7019629859123487
,,,,,SWD,0.7704219331123652
,,,,,SWD,0.6917889347256913
,,,,,SWD,0.6659807809077948
25.0,2.0,0.5,0.25,0.25,SWD,0.6351899437902482
25.0,2.0,0.5,0.25,0.25,SWD,0.3485208552905545
25.0,2.0,0.5,0.25,0.25,SWD,0.4191899180108667
25.0,2.0,0.5,0.25,0.25,SWD,0.7020993998210829
25.0,2.0,0.5,0.25,0.25,SWD,0.4388815170889474
25.0,2.0,0.5,0.25,0.25,SWD,0.6685698491567187
25.0,2.0,0.5,0.25,0.25,SWD,0.3850830017434486
25.0,2.0,0.5,0.25,0.25,SWD,0.6817582146642828
25.0,2.0,0.5,0.25,0.25,SWD,0.4088586163550029
25.0,2.0,0.5,0.25,0.25,SWD,0.8427087156898009
,,,,,SWD,0.7002193012542404
,,,,,SWD,0.5269956678305678
,,,,,SWD,0.4671007728637903
,,,,,SWD,0.6771174687583086
,,,,,SWD,0.6793719931732091
,,,,,SWD,0.5841736391911548
,,,,,SWD,0.699030869491963
,,,,,SWD,0.8005093546627283
,,,,,SWD,0.4277555479134291
,,,,,SWD,0.6188476982036526
,,,,,SWD,0.6783176717860595
,,,,,SWD,0.6143385259038175
,,,,,SWD,0.0825951211926349
,,,,,SWD,0.4775062760535003
,,,,,SWD,1.0
,,,,,SWD,0.61156020281963
,,,,,SWD,0.1974110784178708
,,,,,SWD,0.6809138070550586
,,,,,SWD,0.5807071149695496
,,,,,SWD,0.3514353050671434
25.0,2.0,0.5,0.25,0.25,SWD,0.7468043718800348
25.0,2.0,0.5,0.25,0.25,SWD,0.8335409170209298
25.0,2.0,0.5,0.25,0.25,SWD,0.5216323094722595
25.0,2.0,0.5,0.25,0.25,SWD,0.6481425266454368
25.0,2.0,0.5,0.25,0.25,SWD,0.8211818837998205
25.0,2.0,0.5,0.25,0.25,SWD,0.510345267281791
25.0,2.0,0.5,0.25,0.25,SWD,0.6460280718528977
25.0,2.0,0.5,0.25,0.25,SWD,0.758334528492731
25.0,2.0,0.5,0.25,0.25,SWD,0.7835111828137764
25.0,2.0,0.5,0.25,0.25,SWD,0.6689087966926278
25.0,1.0,0.5,0.25,0.25,Combat,0.6915994315276033
25.0,1.0,0.5,0.25,0.25,Combat,0.6340561722823876
25.0,1.0,0.5,0.25,0.25,Combat,0.6161811257649373
25.0,1.0,0.5,0.25,0.25,Combat,0.956861677133106
25.0,1.0,0.5,0.25,0.25,Combat,0.7151869402312838
25.0,1.0,0.5,0.25,0.25,Combat,0.8400941779805036
25.0,1.0,0.5,0.25,0.25,Combat,0.7441499621833139
25.0,1.0,0.5,0.25,0.25,Combat,0.609170507795461
25.0,1.0,0.5,0.25,0.25,Combat,0.7772188131012328
25.0,1.0,0.5,0.25,0.25,Combat,0.582393200835988
,,,,,Combat,0.7584392680347732
,,,,,Combat,0.6783497338383647
,,,,,Combat,0.6044885804719949
,,,,,Combat,0.3859426692533789
,,,,,Combat,0.7692188031105681
,,,,,Combat,0.5886019450192843
,,,,,Combat,0.7813959011711155
,,,,,Combat,0.8454361215538518
,,,,,Combat,0.665582810223621
,,,,,Combat,0.710667985788562
,,,,,Combat,0.6760090195171002
,,,,,Combat,1.0
,,,,,Combat,0.1787470069629691
,,,,,Combat,0.4769506253257432
,,,,,Combat,1.0
,,,,,Combat,0.5535866769883564
,,,,,Combat,1.0
,,,,,Combat,0.5297902941534283
,,,,,Combat,0.3677733637183042
,,,,,Combat,1.0
2.0,1.0,0.5,0.25,0.25,Combat,0.7333219363619908
2.0,1.0,0.5,0.25,0.25,Combat,0.6610342785804987
2.0,1.0,0.5,0.25,0.25,Combat,0.6575666003732055
2.0,1.0,0.5,0.25,0.25,Combat,0.792870860367638
2.0,1.0,0.5,0.25,0.25,Combat,0.6845398969000664
2.0,1.0,0.5,0.25,0.25,Combat,0.7250052922627916
2.0,1.0,0.5,0.25,0.25,Combat,0.7035729836997715
2.0,1.0,0.5,0.25,0.25,Combat,0.7275111255488526
2.0,1.0,0.5,0.25,0.25,Combat,0.546995229213053
2.0,1.0,0.5,0.25,0.25,Combat,0.841594008220488
,,,,,Combat,0.2099132599791574
,,,,,Combat,0.1622293395666695
,,,,,Combat,0.5272883825021789
,,,,,Combat,0.0192834310730983
,,,,,Combat,0.7252180950727977
,,,,,Combat,0.3706308635630893
,,,,,Combat,0.4975407085810633
,,,,,Combat,0.7630333796079442
,,,,,Combat,0.4017135065678293
,,,,,Combat,0.6748275044157168
,,,,,Combat,0.7889725661513329
,,,,,Combat,0.6715049014303103
,,,,,Combat,0.7924947794106026
,,,,,Combat,0.6474939709252561
,,,,,Combat,0.5914116792964611
,,,,,Combat,0.7336614037250878
,,,,,Combat,0.6535409441231442
,,,,,Combat,0.6541906616645902
,,,,,Combat,0.7896916608504866
,,,,,Combat,0.8053431933106403
2.0,2.0,0.5,0.25,0.25,Combat,0.640154979598816
2.0,2.0,0.5,0.25,0.25,Combat,0.30048680206494
2.0,2.0,0.5,0.25,0.25,Combat,0.2052667222950676
2.0,2.0,0.5,0.25,0.25,Combat,0.1568601627023909
2.0,2.0,0.5,0.25,0.25,Combat,0.5233015763039388
2.0,2.0,0.5,0.25,0.25,Combat,0.5436262377671952
2.0,2.0,0.5,0.25,0.25,Combat,0.4942445178946006
2.0,2.0,0.5,0.25,0.25,Combat,0.4377841793111988
2.0,2.0,0.5,0.25,0.25,Combat,0.22033877827408
2.0,2.0,0.5,0.25,0.25,Combat,0.6794554528605774
,,,,,Combat,0.50425561357864
,,,,,Combat,0.9034945382807452
,,,,,Combat,0.7289317838412687
,,,,,Combat,0.784083908793661
,,,,,Combat,0.8178721916900954
,,,,,Combat,0.5071530488346879
,,,,,Combat,0.8164308445663154
,,,,,Combat,0.8600539295219783
,,,,,Combat,0.7453936750935485
,,,,,Combat,0.8665720956880738
,,,,,Combat,0.6974599532804988
,,,,,Combat,0.6251230766084461
,,,,,Combat,0.7389958757453536
,,,,,Combat,0.5356724295622386
,,,,,Combat,0.8500024306836278
,,,,,Combat,0.5190619967443988
,,,,,Combat,0.6550569951882477
,,,,,Combat,0.5789543338481008
,,,,,Combat,0.5612383983351903
25.0,1.0,0.5,0.25,0.25,Combat,0.6718963074503649
25.0,1.0,0.5,0.25,0.25,Combat,0.3533499272145487
25.0,1.0,0.5,0.25,0.25,Combat,1.0
25.0,1.0,0.5,0.25,0.25,Combat,1.0
25.0,1.0,0.5,0.25,0.25,Combat,0.6714056798326484
25.0,1.0,0.5,0.25,0.25,Combat,0.246858854805182
25.0,1.0,0.5,0.25,0.25,Combat,0.8498350074438393
25.0,1.0,0.5,0.25,0.25,Combat,0.3312106564131181
25.0,1.0,0.5,0.25,0.25,Combat,0.4341894480651654
25.0,1.0,0.5,0.25,0.25,Combat,0.5641555098065616
,,,,,Combat,0.6084775015309688
,,,,,Combat,0.384446905607117
,,,,,Combat,0.6175524190794667
,,,,,Combat,0.4896634414581539
,,,,,Combat,0.478877753186361
,,,,,Combat,1.0
,,,,,Combat,0.4722906898469723
,,,,,Combat,0.493199900645481
,,,,,Combat,0.1704036915866994
,,,,,Combat,0.1673626687463658
,,,,,Combat,0.7810680910808695
,,,,,Combat,0.8319676720282949
,,,,,Combat,0.4693810849788783
,,,,,Combat,0.4920592714307163
,,,,,Combat,0.5004892335333847
,,,,,Combat,0.5354260375796045
,,,,,Combat,0.1519547564048522
,,,,,Combat,0.4732195923771324
,,,,,Combat,0.7015415439202497
,,,,,Combat,0.7817621882402036
25.0,2.0,0.5,0.25,0.25,Combat,0.8086170223867155
25.0,2.0,0.5,0.25,0.25,Combat,0.2228123746474212
25.0,2.0,0.5,0.25,0.25,Combat,0.1886095958635831
25.0,2.0,0.5,0.25,0.25,Combat,0.651519067326307
25.0,2.0,0.5,0.25,0.25,Combat,0.0841039737005606
25.0,2.0,0.5,0.25,0.25,Combat,0.1006922100235703
25.0,2.0,0.5,0.25,0.25,Combat,0.5012821674351748
25.0,2.0,0.5,0.25,0.25,Combat,0.2296637094006555
25.0,2.0,0.5,0.25,0.25,Combat,0.714176034155255
25.0,2.0,0.5,0.25,0.25,Combat,0.7017598285329238
,,,,,Combat,0.0121067607554385
,,,,,Combat,0.1568725464395134
,,,,,Combat,0.2986970390839922
,,,,,Combat,0.5460699468740445
,,,,,Combat,0.5418619251427501
,,,,,Combat,0.1647287660231771
,,,,,Combat,0.4980073779479972
,,,,,Combat,0.6142149751538725
,,,,,Combat,0.5127805901755784
,,,,,Combat,0.625125556257365
,,,,,Combat,0.8970390109605314
,,,,,Combat,0.8141900837184118
,,,,,Combat,0.7514187016554872
,,,,,Combat,0.6498936441426688
,,,,,Combat,0.5256881704181857
,,,,,Combat,0.709507250946135
,,,,,Combat,0.8405433319697133
,,,,,Combat,0.6412406356329579
,,,,,Combat,0.5976986098042385
,,,,,Combat,0.665018769143631
25.0,1.0,0.5,0.25,0.25,Combat,0.7638992415307074
25.0,1.0,0.5,0.25,0.25,Combat,0.832274389303596
25.0,1.0,0.5,0.25,0.25,Combat,0.4556089268204735
25.0,1.0,0.5,0.25,0.25,Combat,0.8480060733193984
25.0,1.0,0.5,0.25,0.25,Combat,0.6619651498190706
25.0,1.0,0.5,0.25,0.25,Combat,0.4802760295021498
25.0,1.0,0.5,0.25,0.25,Combat,0.4129743551571265
25.0,1.0,0.5,0.25,0.25,Combat,0.5876612776671514
25.0,1.0,0.5,0.25,0.25,Combat,0.5226018394555874
25.0,1.0,0.5,0.25,0.25,Combat,0.2590837677146727
,,,,,Combat,0.3899364539832049
,,,,,Combat,0.7719060270615983
,,,,,Combat,0.5928328716837501
,,,,,Combat,0.5515566954880814
,,,,,Combat,0.314894131697016
,,,,,Combat,0.8787505386161004
,,,,,Combat,0.4312994360172335
,,,,,Combat,0.464837588367037
,,,,,Combat,0.7477326335330622
,,,,,Combat,0.575943384405382
,,,,,Combat,0.7801445351099868
,,,,,Combat,0.7615861924106401
,,,,,Combat,0.5818399206079307
,,,,,Combat,0.8169133956156159
,,,,,Combat,0.679869812476102
,,,,,Combat,0.4081666060195624
,,,,,Combat,0.7103151641719494
,,,,,Combat,0.8251167956389747
,,,,,Combat,0.6988305791289725
,,,,,Combat,0.769678791819531
25.0,2.0,0.5,0.25,0.25,Combat,0.75784249396842
25.0,2.0,0.5,0.25,0.25,Combat,0.6662064440909584
25.0,2.0,0.5,0.25,0.25,Combat,0.5889508210284045
25.0,2.0,0.5,0.25,0.25,Combat,0.7642180162317106
25.0,2.0,0.5,0.25,0.25,Combat,0.5785094905763293
25.0,2.0,0.5,0.25,0.25,Combat,0.6516206957006411
25.0,2.0,0.5,0.25,0.25,Combat,0.6132689264870334
25.0,2.0,0.5,0.25,0.25,Combat,0.8010256650975713
25.0,2.0,0.5,0.25,0.25,Combat,0.7642509309563257
25.0,2.0,0.5,0.25,0.25,Combat,0.7923199418492842
,,,,,Combat,0.6951188743146269
,,,,,Combat,0.2167784314068081
,,,,,Combat,0.2136956718675932
,,,,,Combat,0.1210414407569181
,,,,,Combat,0.7352183236474915
,,,,,Combat,1.0
,,,,,Combat,0.541479816430666
,,,,,Combat,0.3501002879921152
,,,,,Combat,0.3006853758942411
,,,,,Combat,0.3082567421673445
,,,,,Combat,0.0592955785862154
,,,,,Combat,0.2794509379286783
,,,,,Combat,0.3980088023476144
,,,,,Combat,0.260435250025634
,,,,,Combat,0.7690181081618738
,,,,,Combat,0.3977023150495728
,,,,,Combat,0.6621815262288925
,,,,,Combat,0.4825359591558055
,,,,,Combat,1.0
,,,,,Combat,0.3441707023515383
25.0,1.0,0.5,0.25,0.25,Combat,0.9252623544063489
25.0,1.0,0.5,0.25,0.25,Combat,0.6072326011865056
25.0,1.0,0.5,0.25,0.25,Combat,0.5141772480625844
25.0,1.0,0.5,0.25,0.25,Combat,0.2089561778438527
25.0,1.0,0.5,0.25,0.25,Combat,0.2413814453238943
25.0,1.0,0.5,0.25,0.25,Combat,0.4753386611274446
25.0,1.0,0.5,0.25,0.25,Combat,0.8025747386213552
25.0,1.0,0.5,0.25,0.25,Combat,0.9726604057867564
25.0,1.0,0.5,0.25,0.25,Combat,0.6087965678496655
25.0,1.0,0.5,0.25,0.25,Combat,0.1273150252839525
,,,,,Combat,0.4752445181715913
,,,,,Combat,0.7590118614560384
,,,,,Combat,0.8028154713291279
,,,,,Combat,0.6642336330714474
,,,,,Combat,0.6216339476606932
,,,,,Combat,0.7662206081220908
,,,,,Combat,0.5075768693153438
,,,,,Combat,0.7185513566531754
,,,,,Combat,0.7338964552440298
,,,,,Combat,0.6741909209622488
,,,,,Combat,0.5481822595753557
,,,,,Combat,0.799354020653828
,,,,,Combat,0.9916693109042312
,,,,,Combat,0.7503022550621717
,,,,,Combat,0.7068597005809856
,,,,,Combat,0.6196521171598324
,,,,,Combat,0.6702507198428453
,,,,,Combat,0.592617420952647
,,,,,Combat,0.6888815681978419
,,,,,Combat,0.7831923472812752
2.0,1.0,0.5,0.25,0.25,Combat,0.7391967543768484
2.0,1.0,0.5,0.25,0.25,Combat,0.7184855726093083
2.0,1.0,0.5,0.25,0.25,Combat,0.7375971943685642
2.0,1.0,0.5,0.25,0.25,Combat,0.7281085887530676
2.0,1.0,0.5,0.25,0.25,Combat,0.7397471815401915
2.0,1.0,0.5,0.25,0.25,Combat,0.5872235338121374
2.0,1.0,0.5,0.25,0.25,Combat,0.474798360454063
2.0,1.0,0.5,0.25,0.25,Combat,0.7246544131140823
2.0,1.0,0.5,0.25,0.25,Combat,0.6820719946421743
2.0,1.0,0.5,0.25,0.25,Combat,0.6864635479434882
,,,,,Combat,0.7067538484750352
,,,,,Combat,0.7909876491100671
,,,,,Combat,0.4128822864158059
,,,,,Combat,0.8189545136145053
,,,,,Combat,0.4651578117073061
,,,,,Combat,0.698700233343926
,,,,,Combat,0.7130442088174717
,,,,,Combat,0.7825063391909245
,,,,,Combat,0.603356547714293
,,,,,Combat,0.7202056147990165
,,,,,Combat,0.956190965090778
,,,,,Combat,0.7985135445406855
,,,,,Combat,0.3179097056282971
,,,,,Combat,0.4243232904079878
,,,,,Combat,0.3807979799941303
,,,,,Combat,0.2878274900241528
,,,,,Combat,0.6552221632666331
,,,,,Combat,0.4019246348775098
,,,,,Combat,0.4740330275092303
,,,,,Combat,0.2841363745565496
2.0,2.0,0.5,0.25,0.25,Combat,0.7494230884851217
2.0,2.0,0.5,0.25,0.25,Combat,0.4924973858798824
2.0,2.0,0.5,0.25,0.25,Combat,0.633269893399975
2.0,2.0,0.5,0.25,0.25,Combat,0.508241294922467
2.0,2.0,0.5,0.25,0.25,Combat,0.8035629004057893
2.0,2.0,0.5,0.25,0.25,Combat,0.5531061451720928
2.0,2.0,0.5,0.25,0.25,Combat,1.0
2.0,2.0,0.5,0.25,0.25,Combat,0.4003352073522322
2.0,2.0,0.5,0.25,0.25,Combat,0.724350033179935
2.0,2.0,0.5,0.25,0.25,Combat,0.6252393220935791
,,,,,Combat,0.5573074417349021
,,,,,Combat,0.8029204561595455
,,,,,Combat,0.6199883422047855
,,,,,Combat,0.9207823661545133
,,,,,Combat,0.6646471870172662
,,,,,Combat,0.6100866151290769
,,,,,Combat,0.7792173343475441
,,,,,Combat,0.5723756257313747
,,,,,Combat,0.8630829416663969
,,,,,Combat,0.792190632992214
,,,,,Combat,0.7722850271792167
,,,,,Combat,1.0
,,,,,Combat,0.2324931981056199
,,,,,Combat,0.9016781534590426
,,,,,Combat,0.5181319988071047
,,,,,Combat,0.440765765171796
,,,,,Combat,0.0163326792130543
,,,,,Combat,0.3803161318550894
,,,,,Combat,0.40774348636443
,,,,,Combat,0.3466230742515204
25.0,2.0,0.5,0.25,0.25,Combat,0.8466946614100184
25.0,2.0,0.5,0.25,0.25,Combat,0.6087360289970815
25.0,2.0,0.5,0.25,0.25,Combat,1.0
25.0,2.0,0.5,0.25,0.25,Combat,1.0
25.0,2.0,0.5,0.25,0.25,Combat,0.4592734798995685
25.0,2.0,0.5,0.25,0.25,Combat,0.2017322733021101
25.0,2.0,0.5,0.25,0.25,Combat,1.0
25.0,2.0,0.5,0.25,0.25,Combat,0.3588033316380268
25.0,2.0,0.5,0.25,0.25,Combat,0.3705586923076482
25.0,2.0,0.5,0.25,0.25,Combat,0.726617472718824
,,,,,Combat,0.5857543727544857
,,,,,Combat,0.7152979305711646
,,,,,Combat,0.8275217519414144
,,,,,Combat,0.6196598801682293
,,,,,Combat,0.7694340133724725
,,,,,Combat,0.8623154655867161
,,,,,Combat,0.7339174163244451
,,,,,Combat,0.6507950396170762
,,,,,Combat,0.8523026636441358
,,,,,Combat,0.7365012937093071
,,,,,Combat,0.718485012049898
,,,,,Combat,1.0
,,,,,Combat,1.0
,,,,,Combat,0.7520175859506236
,,,,,Combat,0.4289389118527776
,,,,,Combat,0.6396808123033297
,,,,,Combat,0.7883878910277954
,,,,,Combat,1.0
,,,,,Combat,1.0
,,,,,Combat,0.7749606933773581
25.0,2.0,0.5,0.25,0.25,Combat,0.619267159884649
25.0,2.0,0.5,0.25,0.25,Combat,0.759569581344425
25.0,2.0,0.5,0.25,0.25,Combat,0.6685233385783848
25.0,2.0,0.5,0.25,0.25,Combat,0.7094681962774104
25.0,2.0,0.5,0.25,0.25,Combat,0.7241637673760716
25.0,2.0,0.5,0.25,0.25,Combat,0.4906884083192864
25.0,2.0,0.5,0.25,0.25,Combat,0.63974561236715
25.0,2.0,0.5,0.25,0.25,Combat,0.6712168444266194
25.0,2.0,0.5,0.25,0.25,Combat,0.8225289091611904
25.0,2.0,0.5,0.25,0.25,Combat,0.5760841751039875
,,,,,Combat,0.7975419674383258
,,,,,Combat,0.6927340204483148
,,,,,Combat,0.7227645456487755
,,,,,Combat,0.6358794300301703
,,,,,Combat,0.6107937016792617
,,,,,Combat,0.7170595197377918
,,,,,Combat,0.7367687586072486
,,,,,Combat,0.6536148376084244
,,,,,Combat,0.6600375180523823
,,,,,Combat,0.7752644291743431
,,,,,Combat,0.7775632476071263
,,,,,Combat,0.6430337678858872
,,,,,Combat,0.7187692413464369
,,,,,Combat,0.5614866659209397
,,,,,Combat,0.7579671897491008
,,,,,Combat,0.6422633463229864
,,,,,Combat,0.7015666115372267
,,,,,Combat,0.7704283342760527
,,,,,Combat,0.6931544863588341
,,,,,Combat,0.6675526846086631
25.0,2.0,0.5,0.25,0.25,Combat,0.6357985489854758
25.0,2.0,0.5,0.25,0.25,Combat,0.3452926648933019
25.0,2.0,0.5,0.25,0.25,Combat,0.4010104583083032
25.0,2.0,0.5,0.25,0.25,Combat,0.701826309164749
25.0,2.0,0.5,0.25,0.25,Combat,0.4345040290340052
25.0,2.0,0.5,0.25,0.25,Combat,0.6684766249192415
25.0,2.0,0.5,0.25,0.25,Combat,0.3764799920747569
25.0,2.0,0.5,0.25,0.25,Combat,0.6807166239071228
25.0,2.0,0.5,0.25,0.25,Combat,0.3829875835586722
25.0,2.0,0.5,0.25,0.25,Combat,0.8374164254132146
,,,,,Combat,0.738905498960855
,,,,,Combat,0.5259598567225168
,,,,,Combat,0.4669708647977857
,,,,,Combat,0.6771453576563335
,,,,,Combat,0.6793176009504884
,,,,,Combat,0.5839274782404843
,,,,,Combat,0.6989657303568394
,,,,,Combat,0.8025473226317711
,,,,,Combat,0.4292822674861488
,,,,,Combat,0.6193620223163923
,,,,,Combat,0.6782922212470177
,,,,,Combat,0.6138678072545933
,,,,,Combat,0.0827215569129434
,,,,,Combat,0.4785447998247519
,,,,,Combat,1.0
,,,,,Combat,0.5971553066180457
,,,,,Combat,0.1955810510317059
,,,,,Combat,0.6762822472549935
,,,,,Combat,0.5792858230478198
,,,,,Combat,0.3343878897115481
25.0,2.0,0.5,0.25,0.25,Combat,0.7525545397734665
25.0,2.0,0.5,0.25,0.25,Combat,0.8347679435450985
25.0,2.0,0.5,0.25,0.25,Combat,0.540177300584117
25.0,2.0,0.5,0.25,0.25,Combat,0.6717130697875546
25.0,2.0,0.5,0.25,0.25,Combat,0.8222442140485117
25.0,2.0,0.5,0.25,0.25,Combat,0.5009640602782545
25.0,2.0,0.5,0.25,0.25,Combat,0.6545158884420359
25.0,2.0,0.5,0.25,0.25,Combat,0.7518750843195393
25.0,2.0,0.5,0.25,0.25,Combat,0.7634663129697037
25.0,2.0,0.5,0.25,0.25,Combat,0.6605592565444921
25.0,1.0,0.5,0.25,0.25,AdjHE_RE,0.6410958742557453
25.0,1.0,0.5,0.25,0.25,AdjHE_RE,0.6512106125476637
25.0,1.0,0.5,0.25,0.25,AdjHE_RE,0.6382341701344512
25.0,1.0,0.5,0.25,0.25,AdjHE_RE,0.6719009497182771
25.0,1.0,0.5,0.25,0.25,AdjHE_RE,0.6480893868590648
25.0,1.0,0.5,0.25,0.25,AdjHE_RE,0.6739714912640943
25.0,1.0,0.5,0.25,0.25,AdjHE_RE,0.664339218789742
25.0,1.0,0.5,0.25,0.25,AdjHE_RE,0.655736665885352
25.0,1.0,0.5,0.25,0.25,AdjHE_RE,0.6209794057511787
25.0,1.0,0.5,0.25,0.25,AdjHE_RE,0.6438180167112006
,,,,,AdjHE_RE,0.6316447895370926
,,,,,AdjHE_RE,0.6666870659650441
,,,,,AdjHE_RE,0.6473910802695483
,,,,,AdjHE_RE,0.6708408052072201
,,,,,AdjHE_RE,0.6523271355816908
,,,,,AdjHE_RE,0.6478521661846783
,,,,,AdjHE_RE,0.6535773510175776
,,,,,AdjHE_RE,0.6555229792239182
,,,,,AdjHE_RE,0.6647813381134138
,,,,,AdjHE_RE,0.6862585737734315
,,,,,AdjHE_RE,0.456863530814039
,,,,,AdjHE_RE,1.0
,,,,,AdjHE_RE,0.1826675672137158
,,,,,AdjHE_RE,0.6550605972441064
,,,,,AdjHE_RE,1.0
,,,,,AdjHE_RE,0.7719177225792676
,,,,,AdjHE_RE,1.0
,,,,,AdjHE_RE,0.5366006223318248
,,,,,AdjHE_RE,0.3672314428963474
,,,,,AdjHE_RE,0.6843348440891005
2.0,1.0,0.5,0.25,0.25,AdjHE_RE,0.642810407524467
2.0,1.0,0.5,0.25,0.25,AdjHE_RE,0.6541531919907813
2.0,1.0,0.5,0.25,0.25,AdjHE_RE,0.671433800010624
2.0,1.0,0.5,0.25,0.25,AdjHE_RE,0.6533669249307889
2.0,1.0,0.5,0.25,0.25,AdjHE_RE,0.6464118635098113
2.0,1.0,0.5,0.25,0.25,AdjHE_RE,0.6664858868584495
2.0,1.0,0.5,0.25,0.25,AdjHE_RE,0.6768369818235117
2.0,1.0,0.5,0.25,0.25,AdjHE_RE,0.6462263571561198
2.0,1.0,0.5,0.25,0.25,AdjHE_RE,0.6414185995033597
2.0,1.0,0.5,0.25,0.25,AdjHE_RE,0.6355974459798837
,,,,,AdjHE_RE,0.6453366590784108
,,,,,AdjHE_RE,0.6168504431011341
,,,,,AdjHE_RE,0.4629093538134174
,,,,,AdjHE_RE,0.043287306270244
,,,,,AdjHE_RE,1.0
,,,,,AdjHE_RE,1.0
,,,,,AdjHE_RE,1.0
,,,,,AdjHE_RE,0.488461717845031
,,,,,AdjHE_RE,0.7364853736923159
,,,,,AdjHE_RE,0.6004606195896375
,,,,,AdjHE_RE,0.6786684131106532
,,,,,AdjHE_RE,0.7255649347848444
,,,,,AdjHE_RE,0.6567868577373921
,,,,,AdjHE_RE,0.667922230501538
,,,,,AdjHE_RE,0.6554927039699995
,,,,,AdjHE_RE,0.6639805570150361
,,,,,AdjHE_RE,0.6167532109690159
,,,,,AdjHE_RE,0.6807134506402995
,,,,,AdjHE_RE,0.7005028177054066
,,,,,AdjHE_RE,0.7347344156507507
2.0,2.0,0.5,0.25,0.25,AdjHE_RE,1.0
2.0,2.0,0.5,0.25,0.25,AdjHE_RE,0.6805413224362341
2.0,2.0,0.5,0.25,0.25,AdjHE_RE,0.9312250988816068
2.0,2.0,0.5,0.25,0.25,AdjHE_RE,0.4824614598242044
2.0,2.0,0.5,0.25,0.25,AdjHE_RE,0.6771481633932678
2.0,2.0,0.5,0.25,0.25,AdjHE_RE,0.6862538832664873
2.0,2.0,0.5,0.25,0.25,AdjHE_RE,1.0
2.0,2.0,0.5,0.25,0.25,AdjHE_RE,0.7391108303005068
2.0,2.0,0.5,0.25,0.25,AdjHE_RE,0.4453903703009156
2.0,2.0,0.5,0.25,0.25,AdjHE_RE,0.6844116059538381
,,,,,AdjHE_RE,0.6594294638955038
,,,,,AdjHE_RE,0.6685492603120923
,,,,,AdjHE_RE,0.6598895602355
,,,,,AdjHE_RE,0.6334654526612603
,,,,,AdjHE_RE,0.6852335901930906
,,,,,AdjHE_RE,0.6800759396350153
,,,,,AdjHE_RE,0.6995506370016938
,,,,,AdjHE_RE,0.6799459722334008
,,,,,AdjHE_RE,0.6408675186708545
,,,,,AdjHE_RE,0.676705241992433
,,,,,AdjHE_RE,0.6655315309436881
,,,,,AdjHE_RE,0.6597253400707201
,,,,,AdjHE_RE,0.7055379337468255
,,,,,AdjHE_RE,0.6591669794933155
,,,,,AdjHE_RE,0.632768574142892
,,,,,AdjHE_RE,0.6541487747755872
,,,,,AdjHE_RE,0.654677377470581
,,,,,AdjHE_RE,0.6648291746346919
,,,,,AdjHE_RE,0.6610860376923906
25.0,1.0,0.5,0.25,0.25,AdjHE_RE,0.6638660368459536
25.0,1.0,0.5,0.25,0.25,AdjHE_RE,0.3563955815978774
25.0,1.0,0.5,0.25,0.25,AdjHE_RE,1.0
25.0,1.0,0.5,0.25,0.25,AdjHE_RE,1.0
25.0,1.0,0.5,0.25,0.25,AdjHE_RE,0.7358011263622829
25.0,1.0,0.5,0.25,0.25,AdjHE_RE,0.2527440718767039
25.0,1.0,0.5,0.25,0.25,AdjHE_RE,0.8827921134300901
25.0,1.0,0.5,0.25,0.25,AdjHE_RE,0.3515401801791029
25.0,1.0,0.5,0.25,0.25,AdjHE_RE,0.4342797248167944
25.0,1.0,0.5,0.25,0.25,AdjHE_RE,0.5641166489352738
,,,,,AdjHE_RE,0.6413773433406085
,,,,,AdjHE_RE,0.3451277082933229
,,,,,AdjHE_RE,0.773472026758284
,,,,,AdjHE_RE,0.8782901429228036
,,,,,AdjHE_RE,0.4509675239979565
,,,,,AdjHE_RE,0.8146508264449214
,,,,,AdjHE_RE,0.4868652197766412
,,,,,AdjHE_RE,1.0
,,,,,AdjHE_RE,0.4542101048613529
,,,,,AdjHE_RE,0.3359524196885431
,,,,,AdjHE_RE,0.8832452000147074
,,,,,AdjHE_RE,1.0
,,,,,AdjHE_RE,0.4466379650840676
,,,,,AdjHE_RE,0.4449701138685286
,,,,,AdjHE_RE,1.0
,,,,,AdjHE_RE,1.0
,,,,,AdjHE_RE,0.3254712986676435
,,,,,AdjHE_RE,0.9924397891100316
,,,,,AdjHE_RE,1.0
,,,,,AdjHE_RE,1.0
25.0,2.0,0.5,0.25,0.25,AdjHE_RE,0.5263976294032382
25.0,2.0,0.5,0.25,0.25,AdjHE_RE,0.7726715702163288
25.0,2.0,0.5,0.25,0.25,AdjHE_RE,0.5329290362443679
25.0,2.0,0.5,0.25,0.25,AdjHE_RE,0.530162796544821
25.0,2.0,0.5,0.25,0.25,AdjHE_RE,0.2300450897030179
25.0,2.0,0.5,0.25,0.25,AdjHE_RE,0.1668967173897916
25.0,2.0,0.5,0.25,0.25,AdjHE_RE,1.0
25.0,2.0,0.5,0.25,0.25,AdjHE_RE,0.3448951222300754
25.0,2.0,0.5,0.25,0.25,AdjHE_RE,1.0
25.0,2.0,0.5,0.25,0.25,AdjHE_RE,0.8928685125165021
,,,,,AdjHE_RE,0.1078261324798485
,,,,,AdjHE_RE,0.2636295031983596
,,,,,AdjHE_RE,0.907961747732738
,,,,,AdjHE_RE,1.0
,,,,,AdjHE_RE,0.7561058926141087
,,,,,AdjHE_RE,0.564192032528379
,,,,,AdjHE_RE,0.898071574418441
,,,,,AdjHE_RE,0.4489770741434272
,,,,,AdjHE_RE,1.0
,,,,,AdjHE_RE,1.0
,,,,,AdjHE_RE,0.6588313870642724
,,,,,AdjHE_RE,0.6492463018143952
,,,,,AdjHE_RE,0.6867739198333314
,,,,,AdjHE_RE,0.6649464551722638
,,,,,AdjHE_RE,0.6759554197481822
,,,,,AdjHE_RE,0.6589435296312417
,,,,,AdjHE_RE,0.664406937023653
,,,,,AdjHE_RE,0.6770063996088238
,,,,,AdjHE_RE,0.6851790098493438
,,,,,AdjHE_RE,0.6385149589120691
25.0,1.0,0.5,0.25,0.25,AdjHE_RE,0.6455951875598959
25.0,1.0,0.5,0.25,0.25,AdjHE_RE,0.5618055931083362
25.0,1.0,0.5,0.25,0.25,AdjHE_RE,0.5234289286363487
25.0,1.0,0.5,0.25,0.25,AdjHE_RE,0.3856768588992196
25.0,1.0,0.5,0.25,0.25,AdjHE_RE,1.0
25.0,1.0,0.5,0.25,0.25,AdjHE_RE,0.7940822116768752
25.0,1.0,0.5,0.25,0.25,AdjHE_RE,0.8107433907003904
25.0,1.0,0.5,0.25,0.25,AdjHE_RE,0.6608490469418274
25.0,1.0,0.5,0.25,0.25,AdjHE_RE,0.8901099946929355
25.0,1.0,0.5,0.25,0.25,AdjHE_RE,0.3923210364797841
,,,,,AdjHE_RE,0.7761160885101757
,,,,,AdjHE_RE,0.8066633815418461
,,,,,AdjHE_RE,0.5932111065175801
,,,,,AdjHE_RE,0.6615859161535985
,,,,,AdjHE_RE,0.3176599120853226
,,,,,AdjHE_RE,0.910735772878458
,,,,,AdjHE_RE,0.4876786937301838
,,,,,AdjHE_RE,0.4728563435494486
,,,,,AdjHE_RE,0.8271806677188783
,,,,,AdjHE_RE,0.6003571603185396
,,,,,AdjHE_RE,0.6306767965619188
,,,,,AdjHE_RE,0.6477114415171884
,,,,,AdjHE_RE,0.6653819459563807
,,,,,AdjHE_RE,0.6750247983057132
,,,,,AdjHE_RE,0.6543198288355978
,,,,,AdjHE_RE,0.6558783008567872
,,,,,AdjHE_RE,0.6852438404517945
,,,,,AdjHE_RE,0.648807915267883
,,,,,AdjHE_RE,0.6591325041779909
,,,,,AdjHE_RE,0.6743334467965671
25.0,2.0,0.5,0.25,0.25,AdjHE_RE,0.6589381925713333
25.0,2.0,0.5,0.25,0.25,AdjHE_RE,0.6324374766521998
25.0,2.0,0.5,0.25,0.25,AdjHE_RE,0.6229792461471788
25.0,2.0,0.5,0.25,0.25,AdjHE_RE,0.6682765248838031
25.0,2.0,0.5,0.25,0.25,AdjHE_RE,0.656743839163782
25.0,2.0,0.5,0.25,0.25,AdjHE_RE,0.6811608647225607
25.0,2.0,0.5,0.25,0.25,AdjHE_RE,0.6886324366150923
25.0,2.0,0.5,0.25,0.25,AdjHE_RE,0.6553032243534187
25.0,2.0,0.5,0.25,0.25,AdjHE_RE,0.6553944621209262
25.0,2.0,0.5,0.25,0.25,AdjHE_RE,0.6930351936135273
,,,,,AdjHE_RE,0.649474306596926
,,,,,AdjHE_RE,0.4711880354086709
,,,,,AdjHE_RE,0.6762060672343684
,,,,,AdjHE_RE,0.1278239831991243
,,,,,AdjHE_RE,1.0
,,,,,AdjHE_RE,0.6006651611534174
,,,,,AdjHE_RE,1.0
,,,,,AdjHE_RE,0.6620729877274217
,,,,,AdjHE_RE,0.6605850784133008
,,,,,AdjHE_RE,0.7207337012794369
,,,,,AdjHE_RE,0.1064396193897234
,,,,,AdjHE_RE,0.5055061170386524
,,,,,AdjHE_RE,0.4703871924912344
,,,,,AdjHE_RE,0.5705926339420341
,,,,,AdjHE_RE,0.930554299694608
,,,,,AdjHE_RE,0.8137657019023964
,,,,,AdjHE_RE,1.0
,,,,,AdjHE_RE,0.7523324410895663
,,,,,AdjHE_RE,1.0
,,,,,AdjHE_RE,0.6873221084959361
25.0,1.0,0.5,0.25,0.25,AdjHE_RE,0.4288045330280035
25.0,1.0,0.5,0.25,0.25,AdjHE_RE,1.0
25.0,1.0,0.5,0.25,0.25,AdjHE_RE,1.0
25.0,1.0,0.5,0.25,0.25,AdjHE_RE,0.3106423560226811
25.0,1.0,0.5,0.25,0.25,AdjHE_RE,0.5626053762980301
25.0,1.0,0.5,0.25,0.25,AdjHE_RE,1.0
25.0,1.0,0.5,0.25,0.25,AdjHE_RE,1.0
25.0,1.0,0.5,0.25,0.25,AdjHE_RE,0.4177959550899769
25.0,1.0,0.5,0.25,0.25,AdjHE_RE,0.6819155931378396
25.0,1.0,0.5,0.25,0.25,AdjHE_RE,0.3860762487361558
,,,,,AdjHE_RE,0.7033617611253317
,,,,,AdjHE_RE,0.6357112235304353
,,,,,AdjHE_RE,0.6345212313776094
,,,,,AdjHE_RE,0.677419312771464
,,,,,AdjHE_RE,0.6751519601842432
,,,,,AdjHE_RE,0.7332156135083776
,,,,,AdjHE_RE,0.6516901979095601
,,,,,AdjHE_RE,0.7371960062614314
,,,,,AdjHE_RE,0.6504793066382437
,,,,,AdjHE_RE,0.6457410608902242
,,,,,AdjHE_RE,0.6692200317267226
,,,,,AdjHE_RE,0.6636677039736254
,,,,,AdjHE_RE,0.6264943225076656
,,,,,AdjHE_RE,0.6643259103337409
,,,,,AdjHE_RE,0.6681195894493878
,,,,,AdjHE_RE,0.6588140903826529
,,,,,AdjHE_RE,0.658338037147027
,,,,,AdjHE_RE,0.6744616042983033
,,,,,AdjHE_RE,0.6472793004832419
,,,,,AdjHE_RE,0.6597386403415227
2.0,1.0,0.5,0.25,0.25,AdjHE_RE,0.6665566438053704
2.0,1.0,0.5,0.25,0.25,AdjHE_RE,0.6774412069183653
2.0,1.0,0.5,0.25,0.25,AdjHE_RE,0.6424458493427442
2.0,1.0,0.5,0.25,0.25,AdjHE_RE,0.6266454518415925
2.0,1.0,0.5,0.25,0.25,AdjHE_RE,0.6619484197681297
2.0,1.0,0.5,0.25,0.25,AdjHE_RE,0.6525967585798632
2.0,1.0,0.5,0.25,0.25,AdjHE_RE,0.6444815318665998
2.0,1.0,0.5,0.25,0.25,AdjHE_RE,0.6533762496645819
2.0,1.0,0.5,0.25,0.25,AdjHE_RE,0.6340205847049747
2.0,1.0,0.5,0.25,0.25,AdjHE_RE,0.6619770726410907
,,,,,AdjHE_RE,0.6714127744367618
,,,,,AdjHE_RE,0.6559371574492333
,,,,,AdjHE_RE,0.682344660158798
,,,,,AdjHE_RE,0.6798031703723844
,,,,,AdjHE_RE,0.6579297016568258
,,,,,AdjHE_RE,0.6458286141158136
,,,,,AdjHE_RE,0.6566640617856222
,,,,,AdjHE_RE,0.674445884016422
,,,,,AdjHE_RE,0.6443740520076613
,,,,,AdjHE_RE,0.653895606864615
,,,,,AdjHE_RE,0.656000709490187
,,,,,AdjHE_RE,0.8058338857898922
,,,,,AdjHE_RE,0.3220989553825342
,,,,,AdjHE_RE,0.5170017279042308
,,,,,AdjHE_RE,0.4208259681216637
,,,,,AdjHE_RE,0.3248419725216747
,,,,,AdjHE_RE,0.6836317072165857
,,,,,AdjHE_RE,0.5211243649645178
,,,,,AdjHE_RE,0.5073525677422119
,,,,,AdjHE_RE,0.2847555513366022
2.0,2.0,0.5,0.25,0.25,AdjHE_RE,0.7641845019400089
2.0,2.0,0.5,0.25,0.25,AdjHE_RE,0.4983670778374602
2.0,2.0,0.5,0.25,0.25,AdjHE_RE,0.6637719193840204
2.0,2.0,0.5,0.25,0.25,AdjHE_RE,0.5089612277082043
2.0,2.0,0.5,0.25,0.25,AdjHE_RE,1.0
2.0,2.0,0.5,0.25,0.25,AdjHE_RE,0.633795674676772
2.0,2.0,0.5,0.25,0.25,AdjHE_RE,1.0
2.0,2.0,0.5,0.25,0.25,AdjHE_RE,0.4400093157880522
2.0,2.0,0.5,0.25,0.25,AdjHE_RE,0.7361555401332863
2.0,2.0,0.5,0.25,0.25,AdjHE_RE,0.7128992533270864
,,,,,AdjHE_RE,0.5668302140389652
,,,,,AdjHE_RE,0.6535442963614083
,,,,,AdjHE_RE,0.6359726582090673
,,,,,AdjHE_RE,0.6500160170299717
,,,,,AdjHE_RE,0.6519305135277226
,,,,,AdjHE_RE,0.6795251243558584
,,,,,AdjHE_RE,0.642627211712932
,,,,,AdjHE_RE,0.6592397630465724
,,,,,AdjHE_RE,0.6383010291844172
,,,,,AdjHE_RE,0.6563352838360381
,,,,,AdjHE_RE,0.6433042283597563
,,,,,AdjHE_RE,1.0
,,,,,AdjHE_RE,0.2560645874678309
,,,,,AdjHE_RE,0.9042351056672828
,,,,,AdjHE_RE,0.5647751954700843
,,,,,AdjHE_RE,0.4482658971624181
,,,,,AdjHE_RE,0.0160617263496831
,,,,,AdjHE_RE,0.5028465969641758
,,,,,AdjHE_RE,0.4452923624222469
,,,,,AdjHE_RE,0.3649271430044675
25.0,2.0,0.5,0.25,0.25,AdjHE_RE,0.9715718824552104
25.0,2.0,0.5,0.25,0.25,AdjHE_RE,0.6590357738261741
25.0,2.0,0.5,0.25,0.25,AdjHE_RE,1.0
25.0,2.0,0.5,0.25,0.25,AdjHE_RE,1.0
25.0,2.0,0.5,0.25,0.25,AdjHE_RE,0.4911594898550137
25.0,2.0,0.5,0.25,0.25,AdjHE_RE,0.2018946282855792
25.0,2.0,0.5,0.25,0.25,AdjHE_RE,1.0
25.0,2.0,0.5,0.25,0.25,AdjHE_RE,0.366622821685624
25.0,2.0,0.5,0.25,0.25,AdjHE_RE,0.4308496129855138
25.0,2.0,0.5,0.25,0.25,AdjHE_RE,0.5156459898932432
,,,,,AdjHE_RE,0.6436839430363213
,,,,,AdjHE_RE,0.6371746471444898
,,,,,AdjHE_RE,0.6809180053874752
,,,,,AdjHE_RE,0.653817985288378
,,,,,AdjHE_RE,0.6713869055619897
,,,,,AdjHE_RE,0.674111970595355
,,,,,AdjHE_RE,0.661799361179988
,,,,,AdjHE_RE,0.6563136817786156
,,,,,AdjHE_RE,0.6816043596748472
,,,,,AdjHE_RE,0.6600327981490319
,,,,,AdjHE_RE,0.6829989909116121
,,,,,AdjHE_RE,1.0
,,,,,AdjHE_RE,1.0
,,,,,AdjHE_RE,0.9970949515356464
,,,,,AdjHE_RE,0.4850731776033808
,,,,,AdjHE_RE,0.641278574631954
,,,,,AdjHE_RE,0.7905029281474238
,,,,,AdjHE_RE,1.0
,,,,,AdjHE_RE,1.0
,,,,,AdjHE_RE,0.8274955312090505
25.0,2.0,0.5,0.25,0.25,AdjHE_RE,0.6997530142158839
25.0,2.0,0.5,0.25,0.25,AdjHE_RE,0.6471862714160824
25.0,2.0,0.5,0.25,0.25,AdjHE_RE,0.6341983282109975
25.0,2.0,0.5,0.25,0.25,AdjHE_RE,0.6332902442675425
25.0,2.0,0.5,0.25,0.25,AdjHE_RE,0.6631496602362272
25.0,2.0,0.5,0.25,0.25,AdjHE_RE,0.6651359925584635
25.0,2.0,0.5,0.25,0.25,AdjHE_RE,0.6674488280782883
25.0,2.0,0.5,0.25,0.25,AdjHE_RE,0.694561453372537
25.0,2.0,0.5,0.25,0.25,AdjHE_RE,0.6737458191113699
25.0,2.0,0.5,0.25,0.25,AdjHE_RE,0.6650352512274208
,,,,,AdjHE_RE,0.6544613743356055
,,,,,AdjHE_RE,0.6526549706276916
,,,,,AdjHE_RE,0.6635694870152478
,,,,,AdjHE_RE,0.6615072597212125
,,,,,AdjHE_RE,0.6903948255293444
,,,,,AdjHE_RE,0.6463094653781835
,,,,,AdjHE_RE,0.6882153256805211
,,,,,AdjHE_RE,0.6577114043800105
,,,,,AdjHE_RE,0.6812347329000535
,,,,,AdjHE_RE,0.6466288758401699
,,,,,AdjHE_RE,0.6611657619228019
,,,,,AdjHE_RE,0.657794253379163
,,,,,AdjHE_RE,0.6791832274468795
,,,,,AdjHE_RE,0.6662157257113411
,,,,,AdjHE_RE,0.6780913610903199
,,,,,AdjHE_RE,0.6593354001201369
,,,,,AdjHE_RE,0.6469688841370873
,,,,,AdjHE_RE,0.6600023630159523
,,,,,AdjHE_RE,0.6648552064871257
,,,,,AdjHE_RE,0.6769949619674172
25.0,2.0,0.5,0.25,0.25,AdjHE_RE,0.6628832697163453
25.0,2.0,0.5,0.25,0.25,AdjHE_RE,0.3487162007248341
25.0,2.0,0.5,0.25,0.25,AdjHE_RE,0.4245021508345496
25.0,2.0,0.5,0.25,0.25,AdjHE_RE,0.7034441298935564
25.0,2.0,0.5,0.25,0.25,AdjHE_RE,0.4393467407293223
25.0,2.0,0.5,0.25,0.25,AdjHE_RE,0.6701333686376073
25.0,2.0,0.5,0.25,0.25,AdjHE_RE,0.4496423042782501
25.0,2.0,0.5,0.25,0.25,AdjHE_RE,0.6887911370936151
25.0,2.0,0.5,0.25,0.25,AdjHE_RE,0.4099722733273264
25.0,2.0,0.5,0.25,0.25,AdjHE_RE,0.8435419161250576
,,,,,AdjHE_RE,0.6297851727921671
,,,,,AdjHE_RE,0.6823456331314474
,,,,,AdjHE_RE,0.675201806804586
,,,,,AdjHE_RE,0.664056111707859
,,,,,AdjHE_RE,0.6659979946514077
,,,,,AdjHE_RE,0.6607951421039784
,,,,,AdjHE_RE,0.6604900571977073
,,,,,AdjHE_RE,0.665453508467783
,,,,,AdjHE_RE,0.6773394378145786
,,,,,AdjHE_RE,0.6629688814660702
,,,,,AdjHE_RE,0.6736460933204605
,,,,,AdjHE_RE,0.6159598350828401
,,,,,AdjHE_RE,0.0823646227329013
,,,,,AdjHE_RE,0.4893583657618902
,,,,,AdjHE_RE,1.0
,,,,,AdjHE_RE,0.6432291833401342
,,,,,AdjHE_RE,0.1974784779579836
,,,,,AdjHE_RE,0.6866063826631288
,,,,,AdjHE_RE,0.5832341546524002
,,,,,AdjHE_RE,0.355016372910456
25.0,2.0,0.5,0.25,0.25,AdjHE_RE,0.6606814659012892
25.0,2.0,0.5,0.25,0.25,AdjHE_RE,0.6918714629809242
25.0,2.0,0.5,0.25,0.25,AdjHE_RE,0.6708395708219391
25.0,2.0,0.5,0.25,0.25,AdjHE_RE,0.6655051233006114
25.0,2.0,0.5,0.25,0.25,AdjHE_RE,0.6683766050950652
25.0,2.0,0.5,0.25,0.25,AdjHE_RE,0.6466892409644037
25.0,2.0,0.5,0.25,0.25,AdjHE_RE,0.6724492968883292
25.0,2.0,0.5,0.25,0.25,AdjHE_RE,0.6574835569709363
25.0,2.0,0.5,0.25,0.25,AdjHE_RE,0.6442213251682145
25.0,2.0,0.5,0.25,0.25,AdjHE_RE,0.6750011362102222
