Estimator,Estimate,sg,ss,se,nsubjects,nsites,theta_alleles,nclusts,prop_causal,nnpc,nSNPs,site_comp,dominance,site_dep
GCTA_est,0.021289,1e-6,1e-6,1,2000,2,0.9,5,0.05,5,200,EQUAL,3,FALSE
AdjHE_RE,0,1e-6,1e-6,1,2000,2,0.9,5,0.05,5,200,EQUAL,3,FALSE
GCTA_est,1e-6,1e-6,1e-6,1,2000,2,0.9,5,0.05,5,200,EQUAL,3,FALSE
AdjHE_RE,0,1e-6,1e-6,1,2000,2,0.9,5,0.05,5,200,EQUAL,3,FALSE
GCTA_est,0.024313,1e-6,1e-6,1,2000,2,0.9,5,0.05,5,200,EQUAL,3,FALSE
AdjHE_RE,0,1e-6,1e-6,1,2000,2,0.9,5,0.05,5,200,EQUAL,3,FALSE
GCTA_est,1e-6,1e-6,1e-6,1,2000,2,0.9,5,0.05,5,200,EQUAL,3,FALSE
AdjHE_RE,0,1e-6,1e-6,1,2000,2,0.9,5,0.05,5,200,EQUAL,3,FALSE
GCTA_est,1e-6,1e-6,1e-6,1,2000,2,0.9,5,0.05,5,200,EQUAL,3,FALSE
AdjHE_RE,0,1e-6,1e-6,1,2000,2,0.9,5,0.05,5,200,EQUAL,3,FALSE
GCTA_est,1e-6,1e-6,1e-6,1,2000,2,0.9,5,0.05,5,200,EQUAL,3,FALSE
AdjHE_RE,0,1e-6,1e-6,1,2000,2,0.9,5,0.05,5,200,EQUAL,3,FALSE
GCTA_est,0.010179,1e-6,1e-6,1,2000,2,0.9,5,0.05,5,200,EQUAL,3,FALSE
AdjHE_RE,9.9737343870557e-4,1e-6,1e-6,1,2000,2,0.9,5,0.05,5,200,EQUAL,3,FALSE
GCTA_est,0.016627,1e-6,1e-6,1,2000,2,0.9,5,0.05,5,200,EQUAL,3,FALSE
AdjHE_RE,0,1e-6,1e-6,1,2000,2,0.9,5,0.05,5,200,EQUAL,3,FALSE
GCTA_est,0.001082,1e-6,1e-6,1,2000,2,0.9,5,0.05,5,200,EQUAL,3,FALSE
AdjHE_RE,0.0015268146925017,1e-6,1e-6,1,2000,2,0.9,5,0.05,5,200,EQUAL,3,FALSE
GCTA_est,1e-6,1e-6,1e-6,1,2000,2,0.9,5,0.05,5,200,EQUAL,3,FALSE
AdjHE_RE,9.801630198842e-4,1e-6,1e-6,1,2000,2,0.9,5,0.05,5,200,EQUAL,3,FALSE
GCTA_est,0.133241,0.25,1e-6,0.75,2000,2,0.9,5,0.05,5,200,EQUAL,3,FALSE
AdjHE_RE,0.30887977934299854,0.25,1e-6,0.75,2000,2,0.9,5,0.05,5,200,EQUAL,3,FALSE
GCTA_est,0.144608,0.25,1e-6,0.75,2000,2,0.9,5,0.05,5,200,EQUAL,3,FALSE
AdjHE_RE,0.25910076619270167,0.25,1e-6,0.75,2000,2,0.9,5,0.05,5,200,EQUAL,3,FALSE
GCTA_est,0.265467,0.25,1e-6,0.75,2000,2,0.9,5,0.05,5,200,EQUAL,3,FALSE
AdjHE_RE,0.11651914200540205,0.25,1e-6,0.75,2000,2,0.9,5,0.05,5,200,EQUAL,3,FALSE
GCTA_est,0.16885999999999998,0.25,1e-6,0.75,2000,2,0.9,5,0.05,5,200,EQUAL,3,FALSE
AdjHE_RE,0.22890566795059095,0.25,1e-6,0.75,2000,2,0.9,5,0.05,5,200,EQUAL,3,FALSE
GCTA_est,0.192982,0.25,1e-6,0.75,2000,2,0.9,5,0.05,5,200,EQUAL,3,FALSE
AdjHE_RE,0.18455729249706992,0.25,1e-6,0.75,2000,2,0.9,5,0.05,5,200,EQUAL,3,FALSE
GCTA_est,0.267922,0.25,1e-6,0.75,2000,2,0.9,5,0.05,5,200,EQUAL,3,FALSE
AdjHE_RE,0.16438415599056555,0.25,1e-6,0.75,2000,2,0.9,5,0.05,5,200,EQUAL,3,FALSE
GCTA_est,0.241779,0.25,1e-6,0.75,2000,2,0.9,5,0.05,5,200,EQUAL,3,FALSE
AdjHE_RE,0.1324797108116266,0.25,1e-6,0.75,2000,2,0.9,5,0.05,5,200,EQUAL,3,FALSE
GCTA_est,0.153346,0.25,1e-6,0.75,2000,2,0.9,5,0.05,5,200,EQUAL,3,FALSE
AdjHE_RE,0.166480035475905,0.25,1e-6,0.75,2000,2,0.9,5,0.05,5,200,EQUAL,3,FALSE
GCTA_est,0.193547,0.25,1e-6,0.75,2000,2,0.9,5,0.05,5,200,EQUAL,3,FALSE
AdjHE_RE,0.20612602307216757,0.25,1e-6,0.75,2000,2,0.9,5,0.05,5,200,EQUAL,3,FALSE
GCTA_est,0.251746,0.25,1e-6,0.75,2000,2,0.9,5,0.05,5,200,EQUAL,3,FALSE
AdjHE_RE,0.1212684554891057,0.25,1e-6,0.75,2000,2,0.9,5,0.05,5,200,EQUAL,3,FALSE
GCTA_est,0.193129,0.25,0.25,0.5,2000,2,0.9,5,0.05,5,200,EQUAL,3,FALSE
AdjHE_RE,0.584576158061195,0.25,0.25,0.5,2000,2,0.9,5,0.05,5,200,EQUAL,3,FALSE
GCTA_est,0.25771900000000003,0.25,0.25,0.5,2000,2,0.9,5,0.05,5,200,EQUAL,3,FALSE
AdjHE_RE,0.42833013873192033,0.25,0.25,0.5,2000,2,0.9,5,0.05,5,200,EQUAL,3,FALSE
GCTA_est,0.28219099999999997,0.25,0.25,0.5,2000,2,0.9,5,0.05,5,200,EQUAL,3,FALSE
AdjHE_RE,0.39795065646318545,0.25,0.25,0.5,2000,2,0.9,5,0.05,5,200,EQUAL,3,FALSE
GCTA_est,0.20938,0.25,0.25,0.5,2000,2,0.9,5,0.05,5,200,EQUAL,3,FALSE
AdjHE_RE,0.19259882448465748,0.25,0.25,0.5,2000,2,0.9,5,0.05,5,200,EQUAL,3,FALSE
GCTA_est,0.208923,0.25,0.25,0.5,2000,2,0.9,5,0.05,5,200,EQUAL,3,FALSE
AdjHE_RE,0.01122624782475333,0.25,0.25,0.5,2000,2,0.9,5,0.05,5,200,EQUAL,3,FALSE
GCTA_est,0.363073,0.25,0.25,0.5,2000,2,0.9,5,0.05,5,200,EQUAL,3,FALSE
AdjHE_RE,0.17822521178684178,0.25,0.25,0.5,2000,2,0.9,5,0.05,5,200,EQUAL,3,FALSE
GCTA_est,0.22738000000000003,0.25,0.25,0.5,2000,2,0.9,5,0.05,5,200,EQUAL,3,FALSE
AdjHE_RE,0.08193013347705103,0.25,0.25,0.5,2000,2,0.9,5,0.05,5,200,EQUAL,3,FALSE
GCTA_est,0.128629,0.25,0.25,0.5,2000,2,0.9,5,0.05,5,200,EQUAL,3,FALSE
AdjHE_RE,0.2187343600992152,0.25,0.25,0.5,2000,2,0.9,5,0.05,5,200,EQUAL,3,FALSE
GCTA_est,0.227648,0.25,0.25,0.5,2000,2,0.9,5,0.05,5,200,EQUAL,3,FALSE
AdjHE_RE,0.30330838032277335,0.25,0.25,0.5,2000,2,0.9,5,0.05,5,200,EQUAL,3,FALSE
GCTA_est,0.29089299999999996,0.25,0.25,0.5,2000,2,0.9,5,0.05,5,200,EQUAL,3,FALSE
AdjHE_RE,0.05978214209060523,0.25,0.25,0.5,2000,2,0.9,5,0.05,5,200,EQUAL,3,FALSE
GCTA_est,0.270066,0.5,1e-6,0.5,2000,2,0.9,5,0.05,5,200,EQUAL,3,FALSE
AdjHE_RE,0.6124916079590994,0.5,1e-6,0.5,2000,2,0.9,5,0.05,5,200,EQUAL,3,FALSE
GCTA_est,0.399243,0.5,1e-6,0.5,2000,2,0.9,5,0.05,5,200,EQUAL,3,FALSE
AdjHE_RE,0.3828485049963167,0.5,1e-6,0.5,2000,2,0.9,5,0.05,5,200,EQUAL,3,FALSE
GCTA_est,0.5859340000000001,0.5,1e-6,0.5,2000,2,0.9,5,0.05,5,200,EQUAL,3,FALSE
AdjHE_RE,0.10093782064806482,0.5,1e-6,0.5,2000,2,0.9,5,0.05,5,200,EQUAL,3,FALSE
GCTA_est,0.375485,0.5,1e-6,0.5,2000,2,0.9,5,0.05,5,200,EQUAL,3,FALSE
AdjHE_RE,0.45036821388539594,0.5,1e-6,0.5,2000,2,0.9,5,0.05,5,200,EQUAL,3,FALSE
GCTA_est,0.42983999999999994,0.5,1e-6,0.5,2000,2,0.9,5,0.05,5,200,EQUAL,3,FALSE
AdjHE_RE,0.3210872126537816,0.5,1e-6,0.5,2000,2,0.9,5,0.05,5,200,EQUAL,3,FALSE
GCTA_est,0.439147,0.5,1e-6,0.5,2000,2,0.9,5,0.05,5,200,EQUAL,3,FALSE
AdjHE_RE,0.37800661423448995,0.5,1e-6,0.5,2000,2,0.9,5,0.05,5,200,EQUAL,3,FALSE
GCTA_est,0.188418,0.5,1e-6,0.5,2000,2,0.9,5,0.05,5,200,EQUAL,3,FALSE
AdjHE_RE,0.6014495191960765,0.5,1e-6,0.5,2000,2,0.9,5,0.05,5,200,EQUAL,3,FALSE
GCTA_est,0.425755,0.5,1e-6,0.5,2000,2,0.9,5,0.05,5,200,EQUAL,3,FALSE
AdjHE_RE,0.42119621732651985,0.5,1e-6,0.5,2000,2,0.9,5,0.05,5,200,EQUAL,3,FALSE
GCTA_est,0.434648,0.5,1e-6,0.5,2000,2,0.9,5,0.05,5,200,EQUAL,3,FALSE
AdjHE_RE,0.3826664650130008,0.5,1e-6,0.5,2000,2,0.9,5,0.05,5,200,EQUAL,3,FALSE
GCTA_est,0.179348,0.5,1e-6,0.5,2000,2,0.9,5,0.05,5,200,EQUAL,3,FALSE
AdjHE_RE,0.8852958547256611,0.5,1e-6,0.5,2000,2,0.9,5,0.05,5,200,EQUAL,3,FALSE
GCTA_est,0.612611,0.5,0.25,0.25,2000,2,0.9,5,0.05,5,200,EQUAL,3,FALSE
AdjHE_RE,0.2543355319478043,0.5,0.25,0.25,2000,2,0.9,5,0.05,5,200,EQUAL,3,FALSE
GCTA_est,0.551035,0.5,0.25,0.25,2000,2,0.9,5,0.05,5,200,EQUAL,3,FALSE
AdjHE_RE,0.6052257307762547,0.5,0.25,0.25,2000,2,0.9,5,0.05,5,200,EQUAL,3,FALSE
GCTA_est,0.56183,0.5,0.25,0.25,2000,2,0.9,5,0.05,5,200,EQUAL,3,FALSE
AdjHE_RE,0.6387243166227086,0.5,0.25,0.25,2000,2,0.9,5,0.05,5,200,EQUAL,3,FALSE
GCTA_est,0.673248,0.5,0.25,0.25,2000,2,0.9,5,0.05,5,200,EQUAL,3,FALSE
AdjHE_RE,0.06975885368661594,0.5,0.25,0.25,2000,2,0.9,5,0.05,5,200,EQUAL,3,FALSE
GCTA_est,0.685533,0.5,0.25,0.25,2000,2,0.9,5,0.05,5,200,EQUAL,3,FALSE
AdjHE_RE,0.1405481095348049,0.5,0.25,0.25,2000,2,0.9,5,0.05,5,200,EQUAL,3,FALSE
GCTA_est,0.619677,0.5,0.25,0.25,2000,2,0.9,5,0.05,5,200,EQUAL,3,FALSE
AdjHE_RE,0.7672080097356062,0.5,0.25,0.25,2000,2,0.9,5,0.05,5,200,EQUAL,3,FALSE
GCTA_est,0.501282,0.5,0.25,0.25,2000,2,0.9,5,0.05,5,200,EQUAL,3,FALSE
AdjHE_RE,0.9868855555332556,0.5,0.25,0.25,2000,2,0.9,5,0.05,5,200,EQUAL,3,FALSE
GCTA_est,0.64459,0.5,0.25,0.25,2000,2,0.9,5,0.05,5,200,EQUAL,3,FALSE
AdjHE_RE,0.07427567642435863,0.5,0.25,0.25,2000,2,0.9,5,0.05,5,200,EQUAL,3,FALSE
GCTA_est,0.490578,0.5,0.25,0.25,2000,2,0.9,5,0.05,5,200,EQUAL,3,FALSE
AdjHE_RE,1,0.5,0.25,0.25,2000,2,0.9,5,0.05,5,200,EQUAL,3,FALSE
GCTA_est,0.618316,0.5,0.25,0.25,2000,2,0.9,5,0.05,5,200,EQUAL,3,FALSE
AdjHE_RE,0.7606611034978503,0.5,0.25,0.25,2000,2,0.9,5,0.05,5,200,EQUAL,3,FALSE
GCTA_est,1e-6,1e-6,1e-6,1,2000,2,0.9,5,0.05,5,200,EQUAL,3,FALSE
AdjHE_RE,6.1752955867079e-4,1e-6,1e-6,1,2000,2,0.9,5,0.05,5,200,EQUAL,3,FALSE
GCTA_est,0.01450999999999999,1e-6,1e-6,1,2000,2,0.9,5,0.05,5,200,EQUAL,3,FALSE
AdjHE_RE,0,1e-6,1e-6,1,2000,2,0.9,5,0.05,5,200,EQUAL,3,FALSE
GCTA_est,1e-6,1e-6,1e-6,1,2000,2,0.9,5,0.05,5,200,EQUAL,3,FALSE
AdjHE_RE,0,1e-6,1e-6,1,2000,2,0.9,5,0.05,5,200,EQUAL,3,FALSE
GCTA_est,0.006323,1e-6,1e-6,1,2000,2,0.9,5,0.05,5,200,EQUAL,3,FALSE
AdjHE_RE,0,1e-6,1e-6,1,2000,2,0.9,5,0.05,5,200,EQUAL,3,FALSE
GCTA_est,1e-6,1e-6,1e-6,1,2000,2,0.9,5,0.05,5,200,EQUAL,3,FALSE
AdjHE_RE,0,1e-6,1e-6,1,2000,2,0.9,5,0.05,5,200,EQUAL,3,FALSE
GCTA_est,0.02419499999999999,1e-6,1e-6,1,2000,2,0.9,5,0.05,5,200,EQUAL,3,FALSE
AdjHE_RE,6.4529230831601e-4,1e-6,1e-6,1,2000,2,0.9,5,0.05,5,200,EQUAL,3,FALSE
GCTA_est,0.019234,1e-6,1e-6,1,2000,2,0.9,5,0.05,5,200,EQUAL,3,FALSE
AdjHE_RE,0.00272262701355853,1e-6,1e-6,1,2000,2,0.9,5,0.05,5,200,EQUAL,3,FALSE
GCTA_est,0.026905,1e-6,1e-6,1,2000,2,0.9,5,0.05,5,200,EQUAL,3,FALSE
AdjHE_RE,0,1e-6,1e-6,1,2000,2,0.9,5,0.05,5,200,EQUAL,3,FALSE
GCTA_est,0.012192,1e-6,1e-6,1,2000,2,0.9,5,0.05,5,200,EQUAL,3,FALSE
AdjHE_RE,0,1e-6,1e-6,1,2000,2,0.9,5,0.05,5,200,EQUAL,3,FALSE
GCTA_est,1e-6,1e-6,1e-6,1,2000,2,0.9,5,0.05,5,200,EQUAL,3,FALSE
AdjHE_RE,0,1e-6,1e-6,1,2000,2,0.9,5,0.05,5,200,EQUAL,3,FALSE
GCTA_est,0.30744,0.25,1e-6,0.75,2000,2,0.9,5,0.05,5,200,EQUAL,3,FALSE
AdjHE_RE,0.07813124085683806,0.25,1e-6,0.75,2000,2,0.9,5,0.05,5,200,EQUAL,3,FALSE
GCTA_est,0.308668,0.25,1e-6,0.75,2000,2,0.9,5,0.05,5,200,EQUAL,3,FALSE
AdjHE_RE,0.04997270674494534,0.25,1e-6,0.75,2000,2,0.9,5,0.05,5,200,EQUAL,3,FALSE
GCTA_est,0.291532,0.25,1e-6,0.75,2000,2,0.9,5,0.05,5,200,EQUAL,3,FALSE
AdjHE_RE,0.10304367296421672,0.25,1e-6,0.75,2000,2,0.9,5,0.05,5,200,EQUAL,3,FALSE
GCTA_est,0.235245,0.25,1e-6,0.75,2000,2,0.9,5,0.05,5,200,EQUAL,3,FALSE
AdjHE_RE,0.1530674692890973,0.25,1e-6,0.75,2000,2,0.9,5,0.05,5,200,EQUAL,3,FALSE
GCTA_est,0.286973,0.25,1e-6,0.75,2000,2,0.9,5,0.05,5,200,EQUAL,3,FALSE
AdjHE_RE,0.0695530468717411,0.25,1e-6,0.75,2000,2,0.9,5,0.05,5,200,EQUAL,3,FALSE
GCTA_est,0.196562,0.25,1e-6,0.75,2000,2,0.9,5,0.05,5,200,EQUAL,3,FALSE
AdjHE_RE,0.1531209673617518,0.25,1e-6,0.75,2000,2,0.9,5,0.05,5,200,EQUAL,3,FALSE
GCTA_est,0.17135,0.25,1e-6,0.75,2000,2,0.9,5,0.05,5,200,EQUAL,3,FALSE
AdjHE_RE,0.14834214078340402,0.25,1e-6,0.75,2000,2,0.9,5,0.05,5,200,EQUAL,3,FALSE
GCTA_est,0.137239,0.25,1e-6,0.75,2000,2,0.9,5,0.05,5,200,EQUAL,3,FALSE
AdjHE_RE,0.21766482953374272,0.25,1e-6,0.75,2000,2,0.9,5,0.05,5,200,EQUAL,3,FALSE
GCTA_est,0.332785,0.25,1e-6,0.75,2000,2,0.9,5,0.05,5,200,EQUAL,3,FALSE
AdjHE_RE,0.0499465541906263,0.25,1e-6,0.75,2000,2,0.9,5,0.05,5,200,EQUAL,3,FALSE
GCTA_est,0.310552,0.25,1e-6,0.75,2000,2,0.9,5,0.05,5,200,EQUAL,3,FALSE
AdjHE_RE,0.05549733433813021,0.25,1e-6,0.75,2000,2,0.9,5,0.05,5,200,EQUAL,3,FALSE
GCTA_est,0.19037,0.25,0.25,0.5,2000,2,0.9,5,0.05,5,200,EQUAL,3,FALSE
AdjHE_RE,0.6190602672301241,0.25,0.25,0.5,2000,2,0.9,5,0.05,5,200,EQUAL,3,FALSE
GCTA_est,0.155371,0.25,0.25,0.5,2000,2,0.9,5,0.05,5,200,EQUAL,3,FALSE
AdjHE_RE,0.16988724749524767,0.25,0.25,0.5,2000,2,0.9,5,0.05,5,200,EQUAL,3,FALSE
GCTA_est,0.352663,0.25,0.25,0.5,2000,2,0.9,5,0.05,5,200,EQUAL,3,FALSE
AdjHE_RE,0.01633516714898265,0.25,0.25,0.5,2000,2,0.9,5,0.05,5,200,EQUAL,3,FALSE
GCTA_est,0.233229,0.25,0.25,0.5,2000,2,0.9,5,0.05,5,200,EQUAL,3,FALSE
AdjHE_RE,0.2533057088411792,0.25,0.25,0.5,2000,2,0.9,5,0.05,5,200,EQUAL,3,FALSE
GCTA_est,0.356057,0.25,0.25,0.5,2000,2,0.9,5,0.05,5,200,EQUAL,3,FALSE
AdjHE_RE,0.2554357731238887,0.25,0.25,0.5,2000,2,0.9,5,0.05,5,200,EQUAL,3,FALSE
GCTA_est,0.335758,0.25,0.25,0.5,2000,2,0.9,5,0.05,5,200,EQUAL,3,FALSE
AdjHE_RE,0.20002824770151265,0.25,0.25,0.5,2000,2,0.9,5,0.05,5,200,EQUAL,3,FALSE
GCTA_est,0.276111,0.25,0.25,0.5,2000,2,0.9,5,0.05,5,200,EQUAL,3,FALSE
AdjHE_RE,0.2694147820314452,0.25,0.25,0.5,2000,2,0.9,5,0.05,5,200,EQUAL,3,FALSE
GCTA_est,0.417821,0.25,0.25,0.5,2000,2,0.9,5,0.05,5,200,EQUAL,3,FALSE
AdjHE_RE,0.13068398749864518,0.25,0.25,0.5,2000,2,0.9,5,0.05,5,200,EQUAL,3,FALSE
GCTA_est,0.199923,0.25,0.25,0.5,2000,2,0.9,5,0.05,5,200,EQUAL,3,FALSE
AdjHE_RE,0.3936587816776627,0.25,0.25,0.5,2000,2,0.9,5,0.05,5,200,EQUAL,3,FALSE
GCTA_est,0.302873,0.25,0.25,0.5,2000,2,0.9,5,0.05,5,200,EQUAL,3,FALSE
AdjHE_RE,0.17817767358711467,0.25,0.25,0.5,2000,2,0.9,5,0.05,5,200,EQUAL,3,FALSE
GCTA_est,0.48298900000000006,0.5,1e-6,0.5,2000,2,0.9,5,0.05,5,200,EQUAL,3,FALSE
AdjHE_RE,0.34104790634099963,0.5,1e-6,0.5,2000,2,0.9,5,0.05,5,200,EQUAL,3,FALSE
GCTA_est,0.32242600000000005,0.5,1e-6,0.5,2000,2,0.9,5,0.05,5,200,EQUAL,3,FALSE
AdjHE_RE,0.4518028516242829,0.5,1e-6,0.5,2000,2,0.9,5,0.05,5,200,EQUAL,3,FALSE
GCTA_est,0.440751,0.5,1e-6,0.5,2000,2,0.9,5,0.05,5,200,EQUAL,3,FALSE
AdjHE_RE,0.3637056161862398,0.5,1e-6,0.5,2000,2,0.9,5,0.05,5,200,EQUAL,3,FALSE
GCTA_est,0.292939,0.5,1e-6,0.5,2000,2,0.9,5,0.05,5,200,EQUAL,3,FALSE
AdjHE_RE,0.6604498760878158,0.5,1e-6,0.5,2000,2,0.9,5,0.05,5,200,EQUAL,3,FALSE
GCTA_est,0.204368,0.5,1e-6,0.5,2000,2,0.9,5,0.05,5,200,EQUAL,3,FALSE
AdjHE_RE,0.8533060990316239,0.5,1e-6,0.5,2000,2,0.9,5,0.05,5,200,EQUAL,3,FALSE
GCTA_est,0.507925,0.5,1e-6,0.5,2000,2,0.9,5,0.05,5,200,EQUAL,3,FALSE
AdjHE_RE,0.2836834764100333,0.5,1e-6,0.5,2000,2,0.9,5,0.05,5,200,EQUAL,3,FALSE
GCTA_est,0.53084,0.5,1e-6,0.5,2000,2,0.9,5,0.05,5,200,EQUAL,3,FALSE
AdjHE_RE,0.18563205455438603,0.5,1e-6,0.5,2000,2,0.9,5,0.05,5,200,EQUAL,3,FALSE
GCTA_est,0.216516,0.5,1e-6,0.5,2000,2,0.9,5,0.05,5,200,EQUAL,3,FALSE
AdjHE_RE,0.847614754649327,0.5,1e-6,0.5,2000,2,0.9,5,0.05,5,200,EQUAL,3,FALSE
GCTA_est,0.399068,0.5,1e-6,0.5,2000,2,0.9,5,0.05,5,200,EQUAL,3,FALSE
AdjHE_RE,0.4386101127944664,0.5,1e-6,0.5,2000,2,0.9,5,0.05,5,200,EQUAL,3,FALSE
GCTA_est,0.572204,0.5,1e-6,0.5,2000,2,0.9,5,0.05,5,200,EQUAL,3,FALSE
AdjHE_RE,0.23563934203443215,0.5,1e-6,0.5,2000,2,0.9,5,0.05,5,200,EQUAL,3,FALSE
GCTA_est,0.5328510000000001,0.5,0.25,0.25,2000,2,0.9,5,0.05,5,200,EQUAL,3,FALSE
AdjHE_RE,0.15841265889060616,0.5,0.25,0.25,2000,2,0.9,5,0.05,5,200,EQUAL,3,FALSE
GCTA_est,0.7267100000000001,0.5,0.25,0.25,2000,2,0.9,5,0.05,5,200,EQUAL,3,FALSE
AdjHE_RE,0.1614583233782707,0.5,0.25,0.25,2000,2,0.9,5,0.05,5,200,EQUAL,3,FALSE
GCTA_est,0.563617,0.5,0.25,0.25,2000,2,0.9,5,0.05,5,200,EQUAL,3,FALSE
AdjHE_RE,0.9732902831248008,0.5,0.25,0.25,2000,2,0.9,5,0.05,5,200,EQUAL,3,FALSE
GCTA_est,0.454734,0.5,0.25,0.25,2000,2,0.9,5,0.05,5,200,EQUAL,3,FALSE
AdjHE_RE,1,0.5,0.25,0.25,2000,2,0.9,5,0.05,5,200,EQUAL,3,FALSE
GCTA_est,0.439321,0.5,0.25,0.25,2000,2,0.9,5,0.05,5,200,EQUAL,3,FALSE
AdjHE_RE,1,0.5,0.25,0.25,2000,2,0.9,5,0.05,5,200,EQUAL,3,FALSE
GCTA_est,0.449111,0.5,0.25,0.25,2000,2,0.9,5,0.05,5,200,EQUAL,3,FALSE
AdjHE_RE,1,0.5,0.25,0.25,2000,2,0.9,5,0.05,5,200,EQUAL,3,FALSE
GCTA_est,0.585393,0.5,0.25,0.25,2000,2,0.9,5,0.05,5,200,EQUAL,3,FALSE
AdjHE_RE,0.5099686760249944,0.5,0.25,0.25,2000,2,0.9,5,0.05,5,200,EQUAL,3,FALSE
GCTA_est,0.6437930000000001,0.5,0.25,0.25,2000,2,0.9,5,0.05,5,200,EQUAL,3,FALSE
AdjHE_RE,0.4744112909417071,0.5,0.25,0.25,2000,2,0.9,5,0.05,5,200,EQUAL,3,FALSE
GCTA_est,0.632729,0.5,0.25,0.25,2000,2,0.9,5,0.05,5,200,EQUAL,3,FALSE
AdjHE_RE,0.3057432041504024,0.5,0.25,0.25,2000,2,0.9,5,0.05,5,200,EQUAL,3,FALSE
GCTA_est,0.675129,0.5,0.25,0.25,2000,2,0.9,5,0.05,5,200,EQUAL,3,FALSE
AdjHE_RE,0.39992891380902934,0.5,0.25,0.25,2000,2,0.9,5,0.05,5,200,EQUAL,3,FALSE
GCTA_est,0.001351,1e-6,1e-6,1,2000,2,0.9,5,0.05,5,200,EQUAL,3,FALSE
AdjHE_RE,1.1303953402056e-4,1e-6,1e-6,1,2000,2,0.9,5,0.05,5,200,EQUAL,3,FALSE
GCTA_est,1e-6,1e-6,1e-6,1,2000,2,0.9,5,0.05,5,200,EQUAL,3,FALSE
AdjHE_RE,0,1e-6,1e-6,1,2000,2,0.9,5,0.05,5,200,EQUAL,3,FALSE
GCTA_est,1e-6,1e-6,1e-6,1,2000,2,0.9,5,0.05,5,200,EQUAL,3,FALSE
AdjHE_RE,0,1e-6,1e-6,1,2000,2,0.9,5,0.05,5,200,EQUAL,3,FALSE
GCTA_est,0.033188,1e-6,1e-6,1,2000,2,0.9,5,0.05,5,200,EQUAL,3,FALSE
AdjHE_RE,9.6196684774086e-4,1e-6,1e-6,1,2000,2,0.9,5,0.05,5,200,EQUAL,3,FALSE
GCTA_est,1e-6,1e-6,1e-6,1,2000,2,0.9,5,0.05,5,200,EQUAL,3,FALSE
AdjHE_RE,0,1e-6,1e-6,1,2000,2,0.9,5,0.05,5,200,EQUAL,3,FALSE
GCTA_est,0.007769,1e-6,1e-6,1,2000,2,0.9,5,0.05,5,200,EQUAL,3,FALSE
AdjHE_RE,0,1e-6,1e-6,1,2000,2,0.9,5,0.05,5,200,EQUAL,3,FALSE
GCTA_est,0.00622299999999999,1e-6,1e-6,1,2000,2,0.9,5,0.05,5,200,EQUAL,3,FALSE
AdjHE_RE,0,1e-6,1e-6,1,2000,2,0.9,5,0.05,5,200,EQUAL,3,FALSE
GCTA_est,1e-6,1e-6,1e-6,1,2000,2,0.9,5,0.05,5,200,EQUAL,3,FALSE
AdjHE_RE,0,1e-6,1e-6,1,2000,2,0.9,5,0.05,5,200,EQUAL,3,FALSE
GCTA_est,1e-6,1e-6,1e-6,1,2000,2,0.9,5,0.05,5,200,EQUAL,3,FALSE
AdjHE_RE,0,1e-6,1e-6,1,2000,2,0.9,5,0.05,5,200,EQUAL,3,FALSE
GCTA_est,0.001943,1e-6,1e-6,1,2000,2,0.9,5,0.05,5,200,EQUAL,3,FALSE
AdjHE_RE,4.1772736472547e-4,1e-6,1e-6,1,2000,2,0.9,5,0.05,5,200,EQUAL,3,FALSE
GCTA_est,0.27010700000000004,0.25,1e-6,0.75,2000,2,0.9,5,0.05,5,200,EQUAL,3,FALSE
AdjHE_RE,0.14247063708992003,0.25,1e-6,0.75,2000,2,0.9,5,0.05,5,200,EQUAL,3,FALSE
GCTA_est,0.171532,0.25,1e-6,0.75,2000,2,0.9,5,0.05,5,200,EQUAL,3,FALSE
AdjHE_RE,0.17112290670233266,0.25,1e-6,0.75,2000,2,0.9,5,0.05,5,200,EQUAL,3,FALSE
GCTA_est,0.183763,0.25,1e-6,0.75,2000,2,0.9,5,0.05,5,200,EQUAL,3,FALSE
AdjHE_RE,0.24045778867528975,0.25,1e-6,0.75,2000,2,0.9,5,0.05,5,200,EQUAL,3,FALSE
GCTA_est,0.103788,0.25,1e-6,0.75,2000,2,0.9,5,0.05,5,200,EQUAL,3,FALSE
AdjHE_RE,0.35748423106032856,0.25,1e-6,0.75,2000,2,0.9,5,0.05,5,200,EQUAL,3,FALSE
GCTA_est,0.24430900000000003,0.25,1e-6,0.75,2000,2,0.9,5,0.05,5,200,EQUAL,3,FALSE
AdjHE_RE,0.10611200307819764,0.25,1e-6,0.75,2000,2,0.9,5,0.05,5,200,EQUAL,3,FALSE
GCTA_est,0.238408,0.25,1e-6,0.75,2000,2,0.9,5,0.05,5,200,EQUAL,3,FALSE
AdjHE_RE,0.16115446157755112,0.25,1e-6,0.75,2000,2,0.9,5,0.05,5,200,EQUAL,3,FALSE
GCTA_est,0.316274,0.25,1e-6,0.75,2000,2,0.9,5,0.05,5,200,EQUAL,3,FALSE
AdjHE_RE,0.08796881903076724,0.25,1e-6,0.75,2000,2,0.9,5,0.05,5,200,EQUAL,3,FALSE
GCTA_est,0.26186,0.25,1e-6,0.75,2000,2,0.9,5,0.05,5,200,EQUAL,3,FALSE
AdjHE_RE,0.16961032112013694,0.25,1e-6,0.75,2000,2,0.9,5,0.05,5,200,EQUAL,3,FALSE
GCTA_est,0.165687,0.25,1e-6,0.75,2000,2,0.9,5,0.05,5,200,EQUAL,3,FALSE
AdjHE_RE,0.24505513395280176,0.25,1e-6,0.75,2000,2,0.9,5,0.05,5,200,EQUAL,3,FALSE
GCTA_est,0.159401,0.25,1e-6,0.75,2000,2,0.9,5,0.05,5,200,EQUAL,3,FALSE
AdjHE_RE,0.23220662481350304,0.25,1e-6,0.75,2000,2,0.9,5,0.05,5,200,EQUAL,3,FALSE
GCTA_est,0.213902,0.25,0.25,0.5,2000,2,0.9,5,0.05,5,200,EQUAL,3,FALSE
AdjHE_RE,0.32499235581172337,0.25,0.25,0.5,2000,2,0.9,5,0.05,5,200,EQUAL,3,FALSE
GCTA_est,0.363763,0.25,0.25,0.5,2000,2,0.9,5,0.05,5,200,EQUAL,3,FALSE
AdjHE_RE,0.09592751745789914,0.25,0.25,0.5,2000,2,0.9,5,0.05,5,200,EQUAL,3,FALSE
GCTA_est,0.196448,0.25,0.25,0.5,2000,2,0.9,5,0.05,5,200,EQUAL,3,FALSE
AdjHE_RE,0.1187205354649422,0.25,0.25,0.5,2000,2,0.9,5,0.05,5,200,EQUAL,3,FALSE
GCTA_est,0.161676,0.25,0.25,0.5,2000,2,0.9,5,0.05,5,200,EQUAL,3,FALSE
AdjHE_RE,0.3652747799549425,0.25,0.25,0.5,2000,2,0.9,5,0.05,5,200,EQUAL,3,FALSE
GCTA_est,0.298623,0.25,0.25,0.5,2000,2,0.9,5,0.05,5,200,EQUAL,3,FALSE
AdjHE_RE,0.2681290180370204,0.25,0.25,0.5,2000,2,0.9,5,0.05,5,200,EQUAL,3,FALSE
GCTA_est,0.34647,0.25,0.25,0.5,2000,2,0.9,5,0.05,5,200,EQUAL,3,FALSE
AdjHE_RE,0.1628672379026701,0.25,0.25,0.5,2000,2,0.9,5,0.05,5,200,EQUAL,3,FALSE
GCTA_est,0.330077,0.25,0.25,0.5,2000,2,0.9,5,0.05,5,200,EQUAL,3,FALSE
AdjHE_RE,0.19758694268502297,0.25,0.25,0.5,2000,2,0.9,5,0.05,5,200,EQUAL,3,FALSE
GCTA_est,0.341042,0.25,0.25,0.5,2000,2,0.9,5,0.05,5,200,EQUAL,3,FALSE
AdjHE_RE,0.13696167951436342,0.25,0.25,0.5,2000,2,0.9,5,0.05,5,200,EQUAL,3,FALSE
GCTA_est,0.388432,0.25,0.25,0.5,2000,2,0.9,5,0.05,5,200,EQUAL,3,FALSE
AdjHE_RE,0.02877238834988311,0.25,0.25,0.5,2000,2,0.9,5,0.05,5,200,EQUAL,3,FALSE
GCTA_est,0.346643,0.25,0.25,0.5,2000,2,0.9,5,0.05,5,200,EQUAL,3,FALSE
AdjHE_RE,0.15670307027175703,0.25,0.25,0.5,2000,2,0.9,5,0.05,5,200,EQUAL,3,FALSE
GCTA_est,0.404769,0.5,1e-6,0.5,2000,2,0.9,5,0.05,5,200,EQUAL,3,FALSE
AdjHE_RE,0.7059708919937527,0.5,1e-6,0.5,2000,2,0.9,5,0.05,5,200,EQUAL,3,FALSE
GCTA_est,0.56981,0.5,1e-6,0.5,2000,2,0.9,5,0.05,5,200,EQUAL,3,FALSE
AdjHE_RE,0.08677119659511101,0.5,1e-6,0.5,2000,2,0.9,5,0.05,5,200,EQUAL,3,FALSE
GCTA_est,0.451625,0.5,1e-6,0.5,2000,2,0.9,5,0.05,5,200,EQUAL,3,FALSE
AdjHE_RE,0.2344259044861899,0.5,1e-6,0.5,2000,2,0.9,5,0.05,5,200,EQUAL,3,FALSE
GCTA_est,0.447083,0.5,1e-6,0.5,2000,2,0.9,5,0.05,5,200,EQUAL,3,FALSE
AdjHE_RE,0.25668929400393503,0.5,1e-6,0.5,2000,2,0.9,5,0.05,5,200,EQUAL,3,FALSE
GCTA_est,0.3867219999999999,0.5,1e-6,0.5,2000,2,0.9,5,0.05,5,200,EQUAL,3,FALSE
AdjHE_RE,0.47880713700323535,0.5,1e-6,0.5,2000,2,0.9,5,0.05,5,200,EQUAL,3,FALSE
GCTA_est,0.61482,0.5,1e-6,0.5,2000,2,0.9,5,0.05,5,200,EQUAL,3,FALSE
AdjHE_RE,0.08085126958614659,0.5,1e-6,0.5,2000,2,0.9,5,0.05,5,200,EQUAL,3,FALSE
GCTA_est,0.515584,0.5,1e-6,0.5,2000,2,0.9,5,0.05,5,200,EQUAL,3,FALSE
AdjHE_RE,0.17776737417349073,0.5,1e-6,0.5,2000,2,0.9,5,0.05,5,200,EQUAL,3,FALSE
GCTA_est,0.46001099999999995,0.5,1e-6,0.5,2000,2,0.9,5,0.05,5,200,EQUAL,3,FALSE
AdjHE_RE,0.20167337858992748,0.5,1e-6,0.5,2000,2,0.9,5,0.05,5,200,EQUAL,3,FALSE
GCTA_est,0.494322,0.5,1e-6,0.5,2000,2,0.9,5,0.05,5,200,EQUAL,3,FALSE
AdjHE_RE,0.25814076066176334,0.5,1e-6,0.5,2000,2,0.9,5,0.05,5,200,EQUAL,3,FALSE
GCTA_est,0.575866,0.5,1e-6,0.5,2000,2,0.9,5,0.05,5,200,EQUAL,3,FALSE
AdjHE_RE,0.13092513607504827,0.5,1e-6,0.5,2000,2,0.9,5,0.05,5,200,EQUAL,3,FALSE
GCTA_est,0.5405479999999999,0.5,0.25,0.25,2000,2,0.9,5,0.05,5,200,EQUAL,3,FALSE
AdjHE_RE,0.6046389508277996,0.5,0.25,0.25,2000,2,0.9,5,0.05,5,200,EQUAL,3,FALSE
GCTA_est,0.452524,0.5,0.25,0.25,2000,2,0.9,5,0.05,5,200,EQUAL,3,FALSE
AdjHE_RE,0.7981928299030584,0.5,0.25,0.25,2000,2,0.9,5,0.05,5,200,EQUAL,3,FALSE
GCTA_est,0.780887,0.5,0.25,0.25,2000,2,0.9,5,0.05,5,200,EQUAL,3,FALSE
AdjHE_RE,0.11647123345000912,0.5,0.25,0.25,2000,2,0.9,5,0.05,5,200,EQUAL,3,FALSE
GCTA_est,0.49244399999999994,0.5,0.25,0.25,2000,2,0.9,5,0.05,5,200,EQUAL,3,FALSE
AdjHE_RE,0.690908862524282,0.5,0.25,0.25,2000,2,0.9,5,0.05,5,200,EQUAL,3,FALSE
GCTA_est,0.656606,0.5,0.25,0.25,2000,2,0.9,5,0.05,5,200,EQUAL,3,FALSE
AdjHE_RE,0.11874771726781778,0.5,0.25,0.25,2000,2,0.9,5,0.05,5,200,EQUAL,3,FALSE
GCTA_est,0.596036,0.5,0.25,0.25,2000,2,0.9,5,0.05,5,200,EQUAL,3,FALSE
AdjHE_RE,0.36430684196030577,0.5,0.25,0.25,2000,2,0.9,5,0.05,5,200,EQUAL,3,FALSE
GCTA_est,0.675925,0.5,0.25,0.25,2000,2,0.9,5,0.05,5,200,EQUAL,3,FALSE
AdjHE_RE,0.5668667847425324,0.5,0.25,0.25,2000,2,0.9,5,0.05,5,200,EQUAL,3,FALSE
GCTA_est,0.562868,0.5,0.25,0.25,2000,2,0.9,5,0.05,5,200,EQUAL,3,FALSE
AdjHE_RE,0.7056504783938513,0.5,0.25,0.25,2000,2,0.9,5,0.05,5,200,EQUAL,3,FALSE
GCTA_est,0.715742,0.5,0.25,0.25,2000,2,0.9,5,0.05,5,200,EQUAL,3,FALSE
AdjHE_RE,0.17095721152773133,0.5,0.25,0.25,2000,2,0.9,5,0.05,5,200,EQUAL,3,FALSE
GCTA_est,0.29898800000000003,0.5,0.25,0.25,2000,2,0.9,5,0.05,5,200,EQUAL,3,FALSE
AdjHE_RE,1,0.5,0.25,0.25,2000,2,0.9,5,0.05,5,200,EQUAL,3,FALSE
GCTA_est,0.013059,1e-6,1e-6,1,2000,2,0.9,5,0.05,5,200,EQUAL,3,FALSE
AdjHE_RE,0.00146528871596548,1e-6,1e-6,1,2000,2,0.9,5,0.05,5,200,EQUAL,3,FALSE
GCTA_est,0.026479,1e-6,1e-6,1,2000,2,0.9,5,0.05,5,200,EQUAL,3,FALSE
AdjHE_RE,0,1e-6,1e-6,1,2000,2,0.9,5,0.05,5,200,EQUAL,3,FALSE
GCTA_est,0.043217,1e-6,1e-6,1,2000,2,0.9,5,0.05,5,200,EQUAL,3,FALSE
AdjHE_RE,0.00119633816520208,1e-6,1e-6,1,2000,2,0.9,5,0.05,5,200,EQUAL,3,FALSE
GCTA_est,0.006775,1e-6,1e-6,1,2000,2,0.9,5,0.05,5,200,EQUAL,3,FALSE
AdjHE_RE,0,1e-6,1e-6,1,2000,2,0.9,5,0.05,5,200,EQUAL,3,FALSE
GCTA_est,0.015326,1e-6,1e-6,1,2000,2,0.9,5,0.05,5,200,EQUAL,3,FALSE
AdjHE_RE,0.00234537504758476,1e-6,1e-6,1,2000,2,0.9,5,0.05,5,200,EQUAL,3,FALSE
GCTA_est,1e-6,1e-6,1e-6,1,2000,2,0.9,5,0.05,5,200,EQUAL,3,FALSE
AdjHE_RE,0.0032149147740232,1e-6,1e-6,1,2000,2,0.9,5,0.05,5,200,EQUAL,3,FALSE
GCTA_est,0.001819,1e-6,1e-6,1,2000,2,0.9,5,0.05,5,200,EQUAL,3,FALSE
AdjHE_RE,0,1e-6,1e-6,1,2000,2,0.9,5,0.05,5,200,EQUAL,3,FALSE
GCTA_est,0.02964499999999999,1e-6,1e-6,1,2000,2,0.9,5,0.05,5,200,EQUAL,3,FALSE
AdjHE_RE,3.1676946996486e-4,1e-6,1e-6,1,2000,2,0.9,5,0.05,5,200,EQUAL,3,FALSE
GCTA_est,0.009756,1e-6,1e-6,1,2000,2,0.9,5,0.05,5,200,EQUAL,3,FALSE
AdjHE_RE,0,1e-6,1e-6,1,2000,2,0.9,5,0.05,5,200,EQUAL,3,FALSE
GCTA_est,1e-6,1e-6,1e-6,1,2000,2,0.9,5,0.05,5,200,EQUAL,3,FALSE
AdjHE_RE,0,1e-6,1e-6,1,2000,2,0.9,5,0.05,5,200,EQUAL,3,FALSE
GCTA_est,0.243659,0.25,1e-6,0.75,2000,2,0.9,5,0.05,5,200,EQUAL,3,FALSE
AdjHE_RE,0.18625345089761883,0.25,1e-6,0.75,2000,2,0.9,5,0.05,5,200,EQUAL,3,FALSE
GCTA_est,0.115073,0.25,1e-6,0.75,2000,2,0.9,5,0.05,5,200,EQUAL,3,FALSE
AdjHE_RE,0.2246439215778023,0.25,1e-6,0.75,2000,2,0.9,5,0.05,5,200,EQUAL,3,FALSE
GCTA_est,0.263278,0.25,1e-6,0.75,2000,2,0.9,5,0.05,5,200,EQUAL,3,FALSE
AdjHE_RE,0.07248941657853225,0.25,1e-6,0.75,2000,2,0.9,5,0.05,5,200,EQUAL,3,FALSE
GCTA_est,0.159653,0.25,1e-6,0.75,2000,2,0.9,5,0.05,5,200,EQUAL,3,FALSE
AdjHE_RE,0.31736136769082174,0.25,1e-6,0.75,2000,2,0.9,5,0.05,5,200,EQUAL,3,FALSE
GCTA_est,0.13760999999999998,0.25,1e-6,0.75,2000,2,0.9,5,0.05,5,200,EQUAL,3,FALSE
AdjHE_RE,0.3231280202847388,0.25,1e-6,0.75,2000,2,0.9,5,0.05,5,200,EQUAL,3,FALSE
GCTA_est,0.162753,0.25,1e-6,0.75,2000,2,0.9,5,0.05,5,200,EQUAL,3,FALSE
AdjHE_RE,0.22258937202215096,0.25,1e-6,0.75,2000,2,0.9,5,0.05,5,200,EQUAL,3,FALSE
GCTA_est,0.205602,0.25,1e-6,0.75,2000,2,0.9,5,0.05,5,200,EQUAL,3,FALSE
AdjHE_RE,0.13503941238512782,0.25,1e-6,0.75,2000,2,0.9,5,0.05,5,200,EQUAL,3,FALSE
GCTA_est,0.188014,0.25,1e-6,0.75,2000,2,0.9,5,0.05,5,200,EQUAL,3,FALSE
AdjHE_RE,0.26023698447629257,0.25,1e-6,0.75,2000,2,0.9,5,0.05,5,200,EQUAL,3,FALSE
GCTA_est,0.227219,0.25,1e-6,0.75,2000,2,0.9,5,0.05,5,200,EQUAL,3,FALSE
AdjHE_RE,0.18082011347994817,0.25,1e-6,0.75,2000,2,0.9,5,0.05,5,200,EQUAL,3,FALSE
GCTA_est,0.269531,0.25,1e-6,0.75,2000,2,0.9,5,0.05,5,200,EQUAL,3,FALSE
AdjHE_RE,0.0801529063521706,0.25,1e-6,0.75,2000,2,0.9,5,0.05,5,200,EQUAL,3,FALSE
GCTA_est,0.201945,0.25,0.25,0.5,2000,2,0.9,5,0.05,5,200,EQUAL,3,FALSE
AdjHE_RE,0.12248712986997276,0.25,0.25,0.5,2000,2,0.9,5,0.05,5,200,EQUAL,3,FALSE
GCTA_est,0.259822,0.25,0.25,0.5,2000,2,0.9,5,0.05,5,200,EQUAL,3,FALSE
AdjHE_RE,0.05880607083532596,0.25,0.25,0.5,2000,2,0.9,5,0.05,5,200,EQUAL,3,FALSE
GCTA_est,0.229272,0.25,0.25,0.5,2000,2,0.9,5,0.05,5,200,EQUAL,3,FALSE
AdjHE_RE,0.11534353986991028,0.25,0.25,0.5,2000,2,0.9,5,0.05,5,200,EQUAL,3,FALSE
GCTA_est,0.141329,0.25,0.25,0.5,2000,2,0.9,5,0.05,5,200,EQUAL,3,FALSE
AdjHE_RE,0.24521741801386487,0.25,0.25,0.5,2000,2,0.9,5,0.05,5,200,EQUAL,3,FALSE
GCTA_est,0.345429,0.25,0.25,0.5,2000,2,0.9,5,0.05,5,200,EQUAL,3,FALSE
AdjHE_RE,0.2939821892034992,0.25,0.25,0.5,2000,2,0.9,5,0.05,5,200,EQUAL,3,FALSE
GCTA_est,0.221178,0.25,0.25,0.5,2000,2,0.9,5,0.05,5,200,EQUAL,3,FALSE
AdjHE_RE,0.23951261029644433,0.25,0.25,0.5,2000,2,0.9,5,0.05,5,200,EQUAL,3,FALSE
GCTA_est,0.4152,0.25,0.25,0.5,2000,2,0.9,5,0.05,5,200,EQUAL,3,FALSE
AdjHE_RE,0.30370663679689774,0.25,0.25,0.5,2000,2,0.9,5,0.05,5,200,EQUAL,3,FALSE
GCTA_est,0.33213899999999996,0.25,0.25,0.5,2000,2,0.9,5,0.05,5,200,EQUAL,3,FALSE
AdjHE_RE,0.24531079261530825,0.25,0.25,0.5,2000,2,0.9,5,0.05,5,200,EQUAL,3,FALSE
GCTA_est,0.294903,0.25,0.25,0.5,2000,2,0.9,5,0.05,5,200,EQUAL,3,FALSE
AdjHE_RE,0.168567945036883,0.25,0.25,0.5,2000,2,0.9,5,0.05,5,200,EQUAL,3,FALSE
GCTA_est,0.35670999999999997,0.25,0.25,0.5,2000,2,0.9,5,0.05,5,200,EQUAL,3,FALSE
AdjHE_RE,0.10749258563102596,0.25,0.25,0.5,2000,2,0.9,5,0.05,5,200,EQUAL,3,FALSE
GCTA_est,0.523203,0.5,1e-6,0.5,2000,2,0.9,5,0.05,5,200,EQUAL,3,FALSE
AdjHE_RE,0.243801892421333,0.5,1e-6,0.5,2000,2,0.9,5,0.05,5,200,EQUAL,3,FALSE
GCTA_est,0.586164,0.5,1e-6,0.5,2000,2,0.9,5,0.05,5,200,EQUAL,3,FALSE
AdjHE_RE,0.24881778352985337,0.5,1e-6,0.5,2000,2,0.9,5,0.05,5,200,EQUAL,3,FALSE
GCTA_est,0.5031329999999999,0.5,1e-6,0.5,2000,2,0.9,5,0.05,5,200,EQUAL,3,FALSE
AdjHE_RE,0.4348687980436377,0.5,1e-6,0.5,2000,2,0.9,5,0.05,5,200,EQUAL,3,FALSE
GCTA_est,0.489027,0.5,1e-6,0.5,2000,2,0.9,5,0.05,5,200,EQUAL,3,FALSE
AdjHE_RE,0.20988241878031944,0.5,1e-6,0.5,2000,2,0.9,5,0.05,5,200,EQUAL,3,FALSE
GCTA_est,0.431584,0.5,1e-6,0.5,2000,2,0.9,5,0.05,5,200,EQUAL,3,FALSE
AdjHE_RE,0.15408741149415914,0.5,1e-6,0.5,2000,2,0.9,5,0.05,5,200,EQUAL,3,FALSE
GCTA_est,0.403058,0.5,1e-6,0.5,2000,2,0.9,5,0.05,5,200,EQUAL,3,FALSE
AdjHE_RE,0.2698513066949874,0.5,1e-6,0.5,2000,2,0.9,5,0.05,5,200,EQUAL,3,FALSE
GCTA_est,0.401266,0.5,1e-6,0.5,2000,2,0.9,5,0.05,5,200,EQUAL,3,FALSE
AdjHE_RE,0.4571591348307037,0.5,1e-6,0.5,2000,2,0.9,5,0.05,5,200,EQUAL,3,FALSE
GCTA_est,0.42346000000000006,0.5,1e-6,0.5,2000,2,0.9,5,0.05,5,200,EQUAL,3,FALSE
AdjHE_RE,0.40031868030792184,0.5,1e-6,0.5,2000,2,0.9,5,0.05,5,200,EQUAL,3,FALSE
GCTA_est,0.619917,0.5,1e-6,0.5,2000,2,0.9,5,0.05,5,200,EQUAL,3,FALSE
AdjHE_RE,0.0938591297789442,0.5,1e-6,0.5,2000,2,0.9,5,0.05,5,200,EQUAL,3,FALSE
GCTA_est,0.338252,0.5,1e-6,0.5,2000,2,0.9,5,0.05,5,200,EQUAL,3,FALSE
AdjHE_RE,0.48218445782380054,0.5,1e-6,0.5,2000,2,0.9,5,0.05,5,200,EQUAL,3,FALSE
GCTA_est,0.49075699999999994,0.5,0.25,0.25,2000,2,0.9,5,0.05,5,200,EQUAL,3,FALSE
AdjHE_RE,0.18989646830630105,0.5,0.25,0.25,2000,2,0.9,5,0.05,5,200,EQUAL,3,FALSE
GCTA_est,0.729073,0.5,0.25,0.25,2000,2,0.9,5,0.05,5,200,EQUAL,3,FALSE
AdjHE_RE,0.17588765860348332,0.5,0.25,0.25,2000,2,0.9,5,0.05,5,200,EQUAL,3,FALSE
GCTA_est,0.666007,0.5,0.25,0.25,2000,2,0.9,5,0.05,5,200,EQUAL,3,FALSE
AdjHE_RE,0.5298742943202964,0.5,0.25,0.25,2000,2,0.9,5,0.05,5,200,EQUAL,3,FALSE
GCTA_est,0.569646,0.5,0.25,0.25,2000,2,0.9,5,0.05,5,200,EQUAL,3,FALSE
AdjHE_RE,0.2749546474960419,0.5,0.25,0.25,2000,2,0.9,5,0.05,5,200,EQUAL,3,FALSE
GCTA_est,0.689588,0.5,0.25,0.25,2000,2,0.9,5,0.05,5,200,EQUAL,3,FALSE
AdjHE_RE,0.10168477330559254,0.5,0.25,0.25,2000,2,0.9,5,0.05,5,200,EQUAL,3,FALSE
GCTA_est,0.5655789999999999,0.5,0.25,0.25,2000,2,0.9,5,0.05,5,200,EQUAL,3,FALSE
AdjHE_RE,0.6873639536001027,0.5,0.25,0.25,2000,2,0.9,5,0.05,5,200,EQUAL,3,FALSE
GCTA_est,0.718337,0.5,0.25,0.25,2000,2,0.9,5,0.05,5,200,EQUAL,3,FALSE
AdjHE_RE,0.1545041957657489,0.5,0.25,0.25,2000,2,0.9,5,0.05,5,200,EQUAL,3,FALSE
GCTA_est,0.683515,0.5,0.25,0.25,2000,2,0.9,5,0.05,5,200,EQUAL,3,FALSE
AdjHE_RE,0.109588019895491,0.5,0.25,0.25,2000,2,0.9,5,0.05,5,200,EQUAL,3,FALSE
GCTA_est,0.6786260000000001,0.5,0.25,0.25,2000,2,0.9,5,0.05,5,200,EQUAL,3,FALSE
AdjHE_RE,0.23399769827552644,0.5,0.25,0.25,2000,2,0.9,5,0.05,5,200,EQUAL,3,FALSE
GCTA_est,0.515935,0.5,0.25,0.25,2000,2,0.9,5,0.05,5,200,EQUAL,3,FALSE
AdjHE_RE,0.41662679121104146,0.5,0.25,0.25,2000,2,0.9,5,0.05,5,200,EQUAL,3,FALSE
GCTA_est,1e-6,1e-6,1e-6,1,2000,2,0.9,5,0.05,5,200,EQUAL,3,FALSE
AdjHE_RE,0,1e-6,1e-6,1,2000,2,0.9,5,0.05,5,200,EQUAL,3,FALSE
GCTA_est,1e-6,1e-6,1e-6,1,2000,2,0.9,5,0.05,5,200,EQUAL,3,FALSE
AdjHE_RE,9.6514457498038e-4,1e-6,1e-6,1,2000,2,0.9,5,0.05,5,200,EQUAL,3,FALSE
GCTA_est,1e-6,1e-6,1e-6,1,2000,2,0.9,5,0.05,5,200,EQUAL,3,FALSE
AdjHE_RE,6.398611300542418e-5,1e-6,1e-6,1,2000,2,0.9,5,0.05,5,200,EQUAL,3,FALSE
GCTA_est,0.02213,1e-6,1e-6,1,2000,2,0.9,5,0.05,5,200,EQUAL,3,FALSE
AdjHE_RE,0,1e-6,1e-6,1,2000,2,0.9,5,0.05,5,200,EQUAL,3,FALSE
GCTA_est,1e-6,1e-6,1e-6,1,2000,2,0.9,5,0.05,5,200,EQUAL,3,FALSE
AdjHE_RE,0,1e-6,1e-6,1,2000,2,0.9,5,0.05,5,200,EQUAL,3,FALSE
GCTA_est,0.027868,1e-6,1e-6,1,2000,2,0.9,5,0.05,5,200,EQUAL,3,FALSE
AdjHE_RE,3.8723107749986e-4,1e-6,1e-6,1,2000,2,0.9,5,0.05,5,200,EQUAL,3,FALSE
GCTA_est,0.006644,1e-6,1e-6,1,2000,2,0.9,5,0.05,5,200,EQUAL,3,FALSE
AdjHE_RE,0.00244599552692819,1e-6,1e-6,1,2000,2,0.9,5,0.05,5,200,EQUAL,3,FALSE
GCTA_est,6.73e-4,1e-6,1e-6,1,2000,2,0.9,5,0.05,5,200,EQUAL,3,FALSE
AdjHE_RE,0,1e-6,1e-6,1,2000,2,0.9,5,0.05,5,200,EQUAL,3,FALSE
GCTA_est,1e-6,1e-6,1e-6,1,2000,2,0.9,5,0.05,5,200,EQUAL,3,FALSE
AdjHE_RE,0,1e-6,1e-6,1,2000,2,0.9,5,0.05,5,200,EQUAL,3,FALSE
GCTA_est,1e-6,1e-6,1e-6,1,2000,2,0.9,5,0.05,5,200,EQUAL,3,FALSE
AdjHE_RE,0,1e-6,1e-6,1,2000,2,0.9,5,0.05,5,200,EQUAL,3,FALSE
GCTA_est,0.305917,0.25,1e-6,0.75,2000,2,0.9,5,0.05,5,200,EQUAL,3,FALSE
AdjHE_RE,0.12329567055312574,0.25,1e-6,0.75,2000,2,0.9,5,0.05,5,200,EQUAL,3,FALSE
GCTA_est,0.096627,0.25,1e-6,0.75,2000,2,0.9,5,0.05,5,200,EQUAL,3,FALSE
AdjHE_RE,0.3406143333373595,0.25,1e-6,0.75,2000,2,0.9,5,0.05,5,200,EQUAL,3,FALSE
GCTA_est,0.285357,0.25,1e-6,0.75,2000,2,0.9,5,0.05,5,200,EQUAL,3,FALSE
AdjHE_RE,0.07410098536192396,0.25,1e-6,0.75,2000,2,0.9,5,0.05,5,200,EQUAL,3,FALSE
GCTA_est,0.205158,0.25,1e-6,0.75,2000,2,0.9,5,0.05,5,200,EQUAL,3,FALSE
AdjHE_RE,0.10649196977152116,0.25,1e-6,0.75,2000,2,0.9,5,0.05,5,200,EQUAL,3,FALSE
GCTA_est,0.091047,0.25,1e-6,0.75,2000,2,0.9,5,0.05,5,200,EQUAL,3,FALSE
AdjHE_RE,0.2850197625231077,0.25,1e-6,0.75,2000,2,0.9,5,0.05,5,200,EQUAL,3,FALSE
GCTA_est,0.161525,0.25,1e-6,0.75,2000,2,0.9,5,0.05,5,200,EQUAL,3,FALSE
AdjHE_RE,0.22558931528105908,0.25,1e-6,0.75,2000,2,0.9,5,0.05,5,200,EQUAL,3,FALSE
GCTA_est,0.190133,0.25,1e-6,0.75,2000,2,0.9,5,0.05,5,200,EQUAL,3,FALSE
AdjHE_RE,0.24533248938468413,0.25,1e-6,0.75,2000,2,0.9,5,0.05,5,200,EQUAL,3,FALSE
GCTA_est,0.195198,0.25,1e-6,0.75,2000,2,0.9,5,0.05,5,200,EQUAL,3,FALSE
AdjHE_RE,0.1833926918841278,0.25,1e-6,0.75,2000,2,0.9,5,0.05,5,200,EQUAL,3,FALSE
GCTA_est,0.135327,0.25,1e-6,0.75,2000,2,0.9,5,0.05,5,200,EQUAL,3,FALSE
AdjHE_RE,0.29692942012702994,0.25,1e-6,0.75,2000,2,0.9,5,0.05,5,200,EQUAL,3,FALSE
GCTA_est,0.191762,0.25,1e-6,0.75,2000,2,0.9,5,0.05,5,200,EQUAL,3,FALSE
AdjHE_RE,0.20512751074858288,0.25,1e-6,0.75,2000,2,0.9,5,0.05,5,200,EQUAL,3,FALSE
GCTA_est,0.245913,0.25,0.25,0.5,2000,2,0.9,5,0.05,5,200,EQUAL,3,FALSE
AdjHE_RE,0.15191937703035685,0.25,0.25,0.5,2000,2,0.9,5,0.05,5,200,EQUAL,3,FALSE
GCTA_est,0.27111199999999996,0.25,0.25,0.5,2000,2,0.9,5,0.05,5,200,EQUAL,3,FALSE
AdjHE_RE,0.07419796944195924,0.25,0.25,0.5,2000,2,0.9,5,0.05,5,200,EQUAL,3,FALSE
GCTA_est,0.117773,0.25,0.25,0.5,2000,2,0.9,5,0.05,5,200,EQUAL,3,FALSE
AdjHE_RE,0.4505490628010177,0.25,0.25,0.5,2000,2,0.9,5,0.05,5,200,EQUAL,3,FALSE
GCTA_est,0.17298,0.25,0.25,0.5,2000,2,0.9,5,0.05,5,200,EQUAL,3,FALSE
AdjHE_RE,0.33987465009623075,0.25,0.25,0.5,2000,2,0.9,5,0.05,5,200,EQUAL,3,FALSE
GCTA_est,0.244542,0.25,0.25,0.5,2000,2,0.9,5,0.05,5,200,EQUAL,3,FALSE
AdjHE_RE,0.2731843247047834,0.25,0.25,0.5,2000,2,0.9,5,0.05,5,200,EQUAL,3,FALSE
GCTA_est,0.223532,0.25,0.25,0.5,2000,2,0.9,5,0.05,5,200,EQUAL,3,FALSE
AdjHE_RE,0.05947151044294525,0.25,0.25,0.5,2000,2,0.9,5,0.05,5,200,EQUAL,3,FALSE
GCTA_est,0.259621,0.25,0.25,0.5,2000,2,0.9,5,0.05,5,200,EQUAL,3,FALSE
AdjHE_RE,0.20044358350714156,0.25,0.25,0.5,2000,2,0.9,5,0.05,5,200,EQUAL,3,FALSE
GCTA_est,0.249687,0.25,0.25,0.5,2000,2,0.9,5,0.05,5,200,EQUAL,3,FALSE
AdjHE_RE,0.38172676982427434,0.25,0.25,0.5,2000,2,0.9,5,0.05,5,200,EQUAL,3,FALSE
GCTA_est,0.219986,0.25,0.25,0.5,2000,2,0.9,5,0.05,5,200,EQUAL,3,FALSE
AdjHE_RE,0.22667648454202283,0.25,0.25,0.5,2000,2,0.9,5,0.05,5,200,EQUAL,3,FALSE
GCTA_est,0.254114,0.25,0.25,0.5,2000,2,0.9,5,0.05,5,200,EQUAL,3,FALSE
AdjHE_RE,0.1888014382683912,0.25,0.25,0.5,2000,2,0.9,5,0.05,5,200,EQUAL,3,FALSE
GCTA_est,0.46215,0.5,1e-6,0.5,2000,2,0.9,5,0.05,5,200,EQUAL,3,FALSE
AdjHE_RE,0.4698150098012725,0.5,1e-6,0.5,2000,2,0.9,5,0.05,5,200,EQUAL,3,FALSE
GCTA_est,0.42507,0.5,1e-6,0.5,2000,2,0.9,5,0.05,5,200,EQUAL,3,FALSE
AdjHE_RE,0.48698488556917674,0.5,1e-6,0.5,2000,2,0.9,5,0.05,5,200,EQUAL,3,FALSE
GCTA_est,0.54833,0.5,1e-6,0.5,2000,2,0.9,5,0.05,5,200,EQUAL,3,FALSE
AdjHE_RE,0.21095386999240415,0.5,1e-6,0.5,2000,2,0.9,5,0.05,5,200,EQUAL,3,FALSE
GCTA_est,0.311942,0.5,1e-6,0.5,2000,2,0.9,5,0.05,5,200,EQUAL,3,FALSE
AdjHE_RE,0.6449780534483536,0.5,1e-6,0.5,2000,2,0.9,5,0.05,5,200,EQUAL,3,FALSE
GCTA_est,0.406899,0.5,1e-6,0.5,2000,2,0.9,5,0.05,5,200,EQUAL,3,FALSE
AdjHE_RE,0.33243946467732327,0.5,1e-6,0.5,2000,2,0.9,5,0.05,5,200,EQUAL,3,FALSE
GCTA_est,0.501732,0.5,1e-6,0.5,2000,2,0.9,5,0.05,5,200,EQUAL,3,FALSE
AdjHE_RE,0.1376434887391833,0.5,1e-6,0.5,2000,2,0.9,5,0.05,5,200,EQUAL,3,FALSE
GCTA_est,0.24643,0.5,1e-6,0.5,2000,2,0.9,5,0.05,5,200,EQUAL,3,FALSE
AdjHE_RE,0.8048414576193935,0.5,1e-6,0.5,2000,2,0.9,5,0.05,5,200,EQUAL,3,FALSE
GCTA_est,0.397865,0.5,1e-6,0.5,2000,2,0.9,5,0.05,5,200,EQUAL,3,FALSE
AdjHE_RE,0.4910115963642196,0.5,1e-6,0.5,2000,2,0.9,5,0.05,5,200,EQUAL,3,FALSE
GCTA_est,0.484338,0.5,1e-6,0.5,2000,2,0.9,5,0.05,5,200,EQUAL,3,FALSE
AdjHE_RE,0.220775229255472,0.5,1e-6,0.5,2000,2,0.9,5,0.05,5,200,EQUAL,3,FALSE
GCTA_est,0.32088099999999997,0.5,1e-6,0.5,2000,2,0.9,5,0.05,5,200,EQUAL,3,FALSE
AdjHE_RE,0.6169855919644714,0.5,1e-6,0.5,2000,2,0.9,5,0.05,5,200,EQUAL,3,FALSE
GCTA_est,0.737847,0.5,0.25,0.25,2000,2,0.9,5,0.05,5,200,EQUAL,3,FALSE
AdjHE_RE,0.14636361640888945,0.5,0.25,0.25,2000,2,0.9,5,0.05,5,200,EQUAL,3,FALSE
GCTA_est,0.689422,0.5,0.25,0.25,2000,2,0.9,5,0.05,5,200,EQUAL,3,FALSE
AdjHE_RE,0.40608144239093186,0.5,0.25,0.25,2000,2,0.9,5,0.05,5,200,EQUAL,3,FALSE
GCTA_est,0.593244,0.5,0.25,0.25,2000,2,0.9,5,0.05,5,200,EQUAL,3,FALSE
AdjHE_RE,0.535444345581709,0.5,0.25,0.25,2000,2,0.9,5,0.05,5,200,EQUAL,3,FALSE
GCTA_est,0.647728,0.5,0.25,0.25,2000,2,0.9,5,0.05,5,200,EQUAL,3,FALSE
AdjHE_RE,0.17501501050894094,0.5,0.25,0.25,2000,2,0.9,5,0.05,5,200,EQUAL,3,FALSE
GCTA_est,0.664006,0.5,0.25,0.25,2000,2,0.9,5,0.05,5,200,EQUAL,3,FALSE
AdjHE_RE,0.39052377580387415,0.5,0.25,0.25,2000,2,0.9,5,0.05,5,200,EQUAL,3,FALSE
GCTA_est,0.562776,0.5,0.25,0.25,2000,2,0.9,5,0.05,5,200,EQUAL,3,FALSE
AdjHE_RE,0.314424181047258,0.5,0.25,0.25,2000,2,0.9,5,0.05,5,200,EQUAL,3,FALSE
GCTA_est,0.6755760000000001,0.5,0.25,0.25,2000,2,0.9,5,0.05,5,200,EQUAL,3,FALSE
AdjHE_RE,0.6279378716180158,0.5,0.25,0.25,2000,2,0.9,5,0.05,5,200,EQUAL,3,FALSE
GCTA_est,0.455426,0.5,0.25,0.25,2000,2,0.9,5,0.05,5,200,EQUAL,3,FALSE
AdjHE_RE,0.7471580624683175,0.5,0.25,0.25,2000,2,0.9,5,0.05,5,200,EQUAL,3,FALSE
GCTA_est,0.483857,0.5,0.25,0.25,2000,2,0.9,5,0.05,5,200,EQUAL,3,FALSE
AdjHE_RE,0.7616802456017964,0.5,0.25,0.25,2000,2,0.9,5,0.05,5,200,EQUAL,3,FALSE
GCTA_est,0.698634,0.5,0.25,0.25,2000,2,0.9,5,0.05,5,200,EQUAL,3,FALSE
AdjHE_RE,0.04070927350393932,0.5,0.25,0.25,2000,2,0.9,5,0.05,5,200,EQUAL,3,FALSE
GCTA_est,0.013836,1e-6,1e-6,1,2000,2,0.9,5,0.05,5,200,EQUAL,3,FALSE
AdjHE_RE,9.5632185428025e-4,1e-6,1e-6,1,2000,2,0.9,5,0.05,5,200,EQUAL,3,FALSE
GCTA_est,1e-6,1e-6,1e-6,1,2000,2,0.9,5,0.05,5,200,EQUAL,3,FALSE
AdjHE_RE,0,1e-6,1e-6,1,2000,2,0.9,5,0.05,5,200,EQUAL,3,FALSE
GCTA_est,1e-6,1e-6,1e-6,1,2000,2,0.9,5,0.05,5,200,EQUAL,3,FALSE
AdjHE_RE,0,1e-6,1e-6,1,2000,2,0.9,5,0.05,5,200,EQUAL,3,FALSE
GCTA_est,0.012272,1e-6,1e-6,1,2000,2,0.9,5,0.05,5,200,EQUAL,3,FALSE
AdjHE_RE,8.7721275096038e-4,1e-6,1e-6,1,2000,2,0.9,5,0.05,5,200,EQUAL,3,FALSE
GCTA_est,1e-6,1e-6,1e-6,1,2000,2,0.9,5,0.05,5,200,EQUAL,3,FALSE
AdjHE_RE,0,1e-6,1e-6,1,2000,2,0.9,5,0.05,5,200,EQUAL,3,FALSE
GCTA_est,1e-6,1e-6,1e-6,1,2000,2,0.9,5,0.05,5,200,EQUAL,3,FALSE
AdjHE_RE,0,1e-6,1e-6,1,2000,2,0.9,5,0.05,5,200,EQUAL,3,FALSE
GCTA_est,0.01672,1e-6,1e-6,1,2000,2,0.9,5,0.05,5,200,EQUAL,3,FALSE
AdjHE_RE,0,1e-6,1e-6,1,2000,2,0.9,5,0.05,5,200,EQUAL,3,FALSE
GCTA_est,1e-6,1e-6,1e-6,1,2000,2,0.9,5,0.05,5,200,EQUAL,3,FALSE
AdjHE_RE,0,1e-6,1e-6,1,2000,2,0.9,5,0.05,5,200,EQUAL,3,FALSE
GCTA_est,1e-6,1e-6,1e-6,1,2000,2,0.9,5,0.05,5,200,EQUAL,3,FALSE
AdjHE_RE,0,1e-6,1e-6,1,2000,2,0.9,5,0.05,5,200,EQUAL,3,FALSE
GCTA_est,1e-6,1e-6,1e-6,1,2000,2,0.9,5,0.05,5,200,EQUAL,3,FALSE
AdjHE_RE,0,1e-6,1e-6,1,2000,2,0.9,5,0.05,5,200,EQUAL,3,FALSE
GCTA_est,0.357362,0.25,1e-6,0.75,2000,2,0.9,5,0.05,5,200,EQUAL,3,FALSE
AdjHE_RE,0.12267050592637165,0.25,1e-6,0.75,2000,2,0.9,5,0.05,5,200,EQUAL,3,FALSE
GCTA_est,0.14338499999999998,0.25,1e-6,0.75,2000,2,0.9,5,0.05,5,200,EQUAL,3,FALSE
AdjHE_RE,0.15853991040142745,0.25,1e-6,0.75,2000,2,0.9,5,0.05,5,200,EQUAL,3,FALSE
GCTA_est,0.243038,0.25,1e-6,0.75,2000,2,0.9,5,0.05,5,200,EQUAL,3,FALSE
AdjHE_RE,0.1513674608491174,0.25,1e-6,0.75,2000,2,0.9,5,0.05,5,200,EQUAL,3,FALSE
GCTA_est,0.171568,0.25,1e-6,0.75,2000,2,0.9,5,0.05,5,200,EQUAL,3,FALSE
AdjHE_RE,0.14028458928786677,0.25,1e-6,0.75,2000,2,0.9,5,0.05,5,200,EQUAL,3,FALSE
GCTA_est,0.161392,0.25,1e-6,0.75,2000,2,0.9,5,0.05,5,200,EQUAL,3,FALSE
AdjHE_RE,0.18840333880055288,0.25,1e-6,0.75,2000,2,0.9,5,0.05,5,200,EQUAL,3,FALSE
GCTA_est,0.161242,0.25,1e-6,0.75,2000,2,0.9,5,0.05,5,200,EQUAL,3,FALSE
AdjHE_RE,0.12262631633999188,0.25,1e-6,0.75,2000,2,0.9,5,0.05,5,200,EQUAL,3,FALSE
GCTA_est,0.24550300000000003,0.25,1e-6,0.75,2000,2,0.9,5,0.05,5,200,EQUAL,3,FALSE
AdjHE_RE,0.10790204279008749,0.25,1e-6,0.75,2000,2,0.9,5,0.05,5,200,EQUAL,3,FALSE
GCTA_est,0.165673,0.25,1e-6,0.75,2000,2,0.9,5,0.05,5,200,EQUAL,3,FALSE
AdjHE_RE,0.28045486379693074,0.25,1e-6,0.75,2000,2,0.9,5,0.05,5,200,EQUAL,3,FALSE
GCTA_est,0.237255,0.25,1e-6,0.75,2000,2,0.9,5,0.05,5,200,EQUAL,3,FALSE
AdjHE_RE,0.11272232579816632,0.25,1e-6,0.75,2000,2,0.9,5,0.05,5,200,EQUAL,3,FALSE
GCTA_est,0.257845,0.25,1e-6,0.75,2000,2,0.9,5,0.05,5,200,EQUAL,3,FALSE
AdjHE_RE,0.04777532031934038,0.25,1e-6,0.75,2000,2,0.9,5,0.05,5,200,EQUAL,3,FALSE
GCTA_est,0.286271,0.25,0.25,0.5,2000,2,0.9,5,0.05,5,200,EQUAL,3,FALSE
AdjHE_RE,0.1387498177481803,0.25,0.25,0.5,2000,2,0.9,5,0.05,5,200,EQUAL,3,FALSE
GCTA_est,0.240971,0.25,0.25,0.5,2000,2,0.9,5,0.05,5,200,EQUAL,3,FALSE
AdjHE_RE,0.5070467820075704,0.25,0.25,0.5,2000,2,0.9,5,0.05,5,200,EQUAL,3,FALSE
GCTA_est,0.163184,0.25,0.25,0.5,2000,2,0.9,5,0.05,5,200,EQUAL,3,FALSE
AdjHE_RE,0.20357423823892737,0.25,0.25,0.5,2000,2,0.9,5,0.05,5,200,EQUAL,3,FALSE
GCTA_est,0.439765,0.25,0.25,0.5,2000,2,0.9,5,0.05,5,200,EQUAL,3,FALSE
AdjHE_RE,0.3630602501390641,0.25,0.25,0.5,2000,2,0.9,5,0.05,5,200,EQUAL,3,FALSE
GCTA_est,0.27555599999999997,0.25,0.25,0.5,2000,2,0.9,5,0.05,5,200,EQUAL,3,FALSE
AdjHE_RE,0.3093778379499793,0.25,0.25,0.5,2000,2,0.9,5,0.05,5,200,EQUAL,3,FALSE
GCTA_est,0.454434,0.25,0.25,0.5,2000,2,0.9,5,0.05,5,200,EQUAL,3,FALSE
AdjHE_RE,0.1290938653422874,0.25,0.25,0.5,2000,2,0.9,5,0.05,5,200,EQUAL,3,FALSE
GCTA_est,0.35213,0.25,0.25,0.5,2000,2,0.9,5,0.05,5,200,EQUAL,3,FALSE
AdjHE_RE,0.04667159162627644,0.25,0.25,0.5,2000,2,0.9,5,0.05,5,200,EQUAL,3,FALSE
GCTA_est,0.19117,0.25,0.25,0.5,2000,2,0.9,5,0.05,5,200,EQUAL,3,FALSE
AdjHE_RE,0.3180033341444236,0.25,0.25,0.5,2000,2,0.9,5,0.05,5,200,EQUAL,3,FALSE
GCTA_est,0.274777,0.25,0.25,0.5,2000,2,0.9,5,0.05,5,200,EQUAL,3,FALSE
AdjHE_RE,0.48819957220133214,0.25,0.25,0.5,2000,2,0.9,5,0.05,5,200,EQUAL,3,FALSE
GCTA_est,0.418492,0.25,0.25,0.5,2000,2,0.9,5,0.05,5,200,EQUAL,3,FALSE
AdjHE_RE,0.06212978237617873,0.25,0.25,0.5,2000,2,0.9,5,0.05,5,200,EQUAL,3,FALSE
GCTA_est,0.404639,0.5,1e-6,0.5,2000,2,0.9,5,0.05,5,200,EQUAL,3,FALSE
AdjHE_RE,0.4265263082477488,0.5,1e-6,0.5,2000,2,0.9,5,0.05,5,200,EQUAL,3,FALSE
GCTA_est,0.525033,0.5,1e-6,0.5,2000,2,0.9,5,0.05,5,200,EQUAL,3,FALSE
AdjHE_RE,0.3072946960631533,0.5,1e-6,0.5,2000,2,0.9,5,0.05,5,200,EQUAL,3,FALSE
GCTA_est,0.340355,0.5,1e-6,0.5,2000,2,0.9,5,0.05,5,200,EQUAL,3,FALSE
AdjHE_RE,0.31330828504439573,0.5,1e-6,0.5,2000,2,0.9,5,0.05,5,200,EQUAL,3,FALSE
GCTA_est,0.506942,0.5,1e-6,0.5,2000,2,0.9,5,0.05,5,200,EQUAL,3,FALSE
AdjHE_RE,0.2509333938653761,0.5,1e-6,0.5,2000,2,0.9,5,0.05,5,200,EQUAL,3,FALSE
GCTA_est,0.507797,0.5,1e-6,0.5,2000,2,0.9,5,0.05,5,200,EQUAL,3,FALSE
AdjHE_RE,0.2000010467273088,0.5,1e-6,0.5,2000,2,0.9,5,0.05,5,200,EQUAL,3,FALSE
GCTA_est,0.6134930000000001,0.5,1e-6,0.5,2000,2,0.9,5,0.05,5,200,EQUAL,3,FALSE
AdjHE_RE,0.05778809579943082,0.5,1e-6,0.5,2000,2,0.9,5,0.05,5,200,EQUAL,3,FALSE
GCTA_est,0.20484499999999997,0.5,1e-6,0.5,2000,2,0.9,5,0.05,5,200,EQUAL,3,FALSE
AdjHE_RE,0.4473251625174228,0.5,1e-6,0.5,2000,2,0.9,5,0.05,5,200,EQUAL,3,FALSE
GCTA_est,0.530191,0.5,1e-6,0.5,2000,2,0.9,5,0.05,5,200,EQUAL,3,FALSE
AdjHE_RE,0.13313826542705104,0.5,1e-6,0.5,2000,2,0.9,5,0.05,5,200,EQUAL,3,FALSE
GCTA_est,0.359121,0.5,1e-6,0.5,2000,2,0.9,5,0.05,5,200,EQUAL,3,FALSE
AdjHE_RE,0.5672274383377137,0.5,1e-6,0.5,2000,2,0.9,5,0.05,5,200,EQUAL,3,FALSE
GCTA_est,0.443712,0.5,1e-6,0.5,2000,2,0.9,5,0.05,5,200,EQUAL,3,FALSE
AdjHE_RE,0.28498732347812694,0.5,1e-6,0.5,2000,2,0.9,5,0.05,5,200,EQUAL,3,FALSE
GCTA_est,0.651576,0.5,0.25,0.25,2000,2,0.9,5,0.05,5,200,EQUAL,3,FALSE
AdjHE_RE,0.21645949366411,0.5,0.25,0.25,2000,2,0.9,5,0.05,5,200,EQUAL,3,FALSE
GCTA_est,0.658381,0.5,0.25,0.25,2000,2,0.9,5,0.05,5,200,EQUAL,3,FALSE
AdjHE_RE,0.6696239145236854,0.5,0.25,0.25,2000,2,0.9,5,0.05,5,200,EQUAL,3,FALSE
GCTA_est,0.5499430000000001,0.5,0.25,0.25,2000,2,0.9,5,0.05,5,200,EQUAL,3,FALSE
AdjHE_RE,0.5020638532477776,0.5,0.25,0.25,2000,2,0.9,5,0.05,5,200,EQUAL,3,FALSE
GCTA_est,0.6534840000000001,0.5,0.25,0.25,2000,2,0.9,5,0.05,5,200,EQUAL,3,FALSE
AdjHE_RE,0.3299059666507659,0.5,0.25,0.25,2000,2,0.9,5,0.05,5,200,EQUAL,3,FALSE
GCTA_est,0.546466,0.5,0.25,0.25,2000,2,0.9,5,0.05,5,200,EQUAL,3,FALSE
AdjHE_RE,0.8004222121733903,0.5,0.25,0.25,2000,2,0.9,5,0.05,5,200,EQUAL,3,FALSE
GCTA_est,0.539335,0.5,0.25,0.25,2000,2,0.9,5,0.05,5,200,EQUAL,3,FALSE
AdjHE_RE,0.8032680182677147,0.5,0.25,0.25,2000,2,0.9,5,0.05,5,200,EQUAL,3,FALSE
GCTA_est,0.6558430000000001,0.5,0.25,0.25,2000,2,0.9,5,0.05,5,200,EQUAL,3,FALSE
AdjHE_RE,0.47487441507789285,0.5,0.25,0.25,2000,2,0.9,5,0.05,5,200,EQUAL,3,FALSE
GCTA_est,0.723483,0.5,0.25,0.25,2000,2,0.9,5,0.05,5,200,EQUAL,3,FALSE
AdjHE_RE,0.04983382294330404,0.5,0.25,0.25,2000,2,0.9,5,0.05,5,200,EQUAL,3,FALSE
GCTA_est,0.497803,0.5,0.25,0.25,2000,2,0.9,5,0.05,5,200,EQUAL,3,FALSE
AdjHE_RE,0.24786834962522072,0.5,0.25,0.25,2000,2,0.9,5,0.05,5,200,EQUAL,3,FALSE
GCTA_est,0.674039,0.5,0.25,0.25,2000,2,0.9,5,0.05,5,200,EQUAL,3,FALSE
AdjHE_RE,0.8702769097915661,0.5,0.25,0.25,2000,2,0.9,5,0.05,5,200,EQUAL,3,FALSE
GCTA_est,1e-6,1e-6,1e-6,1,2000,2,0.9,5,0.05,5,200,EQUAL,3,FALSE
AdjHE_RE,0,1e-6,1e-6,1,2000,2,0.9,5,0.05,5,200,EQUAL,3,FALSE
GCTA_est,0.017209,1e-6,1e-6,1,2000,2,0.9,5,0.05,5,200,EQUAL,3,FALSE
AdjHE_RE,0.00105506297199479,1e-6,1e-6,1,2000,2,0.9,5,0.05,5,200,EQUAL,3,FALSE
GCTA_est,0.015136,1e-6,1e-6,1,2000,2,0.9,5,0.05,5,200,EQUAL,3,FALSE
AdjHE_RE,0,1e-6,1e-6,1,2000,2,0.9,5,0.05,5,200,EQUAL,3,FALSE
GCTA_est,1e-6,1e-6,1e-6,1,2000,2,0.9,5,0.05,5,200,EQUAL,3,FALSE
AdjHE_RE,0,1e-6,1e-6,1,2000,2,0.9,5,0.05,5,200,EQUAL,3,FALSE
GCTA_est,0.016113,1e-6,1e-6,1,2000,2,0.9,5,0.05,5,200,EQUAL,3,FALSE
AdjHE_RE,0,1e-6,1e-6,1,2000,2,0.9,5,0.05,5,200,EQUAL,3,FALSE
GCTA_est,0.00628299999999999,1e-6,1e-6,1,2000,2,0.9,5,0.05,5,200,EQUAL,3,FALSE
AdjHE_RE,9.9517451174675e-4,1e-6,1e-6,1,2000,2,0.9,5,0.05,5,200,EQUAL,3,FALSE
GCTA_est,0.018169,1e-6,1e-6,1,2000,2,0.9,5,0.05,5,200,EQUAL,3,FALSE
AdjHE_RE,7.3303798780761e-4,1e-6,1e-6,1,2000,2,0.9,5,0.05,5,200,EQUAL,3,FALSE
GCTA_est,0.006968,1e-6,1e-6,1,2000,2,0.9,5,0.05,5,200,EQUAL,3,FALSE
AdjHE_RE,0,1e-6,1e-6,1,2000,2,0.9,5,0.05,5,200,EQUAL,3,FALSE
GCTA_est,1e-6,1e-6,1e-6,1,2000,2,0.9,5,0.05,5,200,EQUAL,3,FALSE
AdjHE_RE,0,1e-6,1e-6,1,2000,2,0.9,5,0.05,5,200,EQUAL,3,FALSE
GCTA_est,0.008325,1e-6,1e-6,1,2000,2,0.9,5,0.05,5,200,EQUAL,3,FALSE
AdjHE_RE,6.4227177455557e-4,1e-6,1e-6,1,2000,2,0.9,5,0.05,5,200,EQUAL,3,FALSE
GCTA_est,0.15465299999999998,0.25,1e-6,0.75,2000,2,0.9,5,0.05,5,200,EQUAL,3,FALSE
AdjHE_RE,0.2962847313857402,0.25,1e-6,0.75,2000,2,0.9,5,0.05,5,200,EQUAL,3,FALSE
GCTA_est,0.160024,0.25,1e-6,0.75,2000,2,0.9,5,0.05,5,200,EQUAL,3,FALSE
AdjHE_RE,0.2563385543108934,0.25,1e-6,0.75,2000,2,0.9,5,0.05,5,200,EQUAL,3,FALSE
GCTA_est,0.256262,0.25,1e-6,0.75,2000,2,0.9,5,0.05,5,200,EQUAL,3,FALSE
AdjHE_RE,0.07009488020487939,0.25,1e-6,0.75,2000,2,0.9,5,0.05,5,200,EQUAL,3,FALSE
GCTA_est,0.229471,0.25,1e-6,0.75,2000,2,0.9,5,0.05,5,200,EQUAL,3,FALSE
AdjHE_RE,0.16134478435705402,0.25,1e-6,0.75,2000,2,0.9,5,0.05,5,200,EQUAL,3,FALSE
GCTA_est,0.259994,0.25,1e-6,0.75,2000,2,0.9,5,0.05,5,200,EQUAL,3,FALSE
AdjHE_RE,0.14692710900686218,0.25,1e-6,0.75,2000,2,0.9,5,0.05,5,200,EQUAL,3,FALSE
GCTA_est,0.28982399999999997,0.25,1e-6,0.75,2000,2,0.9,5,0.05,5,200,EQUAL,3,FALSE
AdjHE_RE,0.1342685436923644,0.25,1e-6,0.75,2000,2,0.9,5,0.05,5,200,EQUAL,3,FALSE
GCTA_est,0.234808,0.25,1e-6,0.75,2000,2,0.9,5,0.05,5,200,EQUAL,3,FALSE
AdjHE_RE,0.1260929944845772,0.25,1e-6,0.75,2000,2,0.9,5,0.05,5,200,EQUAL,3,FALSE
GCTA_est,0.15448299999999998,0.25,1e-6,0.75,2000,2,0.9,5,0.05,5,200,EQUAL,3,FALSE
AdjHE_RE,0.21480214913240064,0.25,1e-6,0.75,2000,2,0.9,5,0.05,5,200,EQUAL,3,FALSE
GCTA_est,0.056593,0.25,1e-6,0.75,2000,2,0.9,5,0.05,5,200,EQUAL,3,FALSE
AdjHE_RE,0.4153029074936283,0.25,1e-6,0.75,2000,2,0.9,5,0.05,5,200,EQUAL,3,FALSE
GCTA_est,0.240235,0.25,1e-6,0.75,2000,2,0.9,5,0.05,5,200,EQUAL,3,FALSE
AdjHE_RE,0.12620018993165794,0.25,1e-6,0.75,2000,2,0.9,5,0.05,5,200,EQUAL,3,FALSE
GCTA_est,0.23715300000000003,0.25,0.25,0.5,2000,2,0.9,5,0.05,5,200,EQUAL,3,FALSE
AdjHE_RE,0.3799232762573034,0.25,0.25,0.5,2000,2,0.9,5,0.05,5,200,EQUAL,3,FALSE
GCTA_est,0.14132,0.25,0.25,0.5,2000,2,0.9,5,0.05,5,200,EQUAL,3,FALSE
AdjHE_RE,0.34406611260164105,0.25,0.25,0.5,2000,2,0.9,5,0.05,5,200,EQUAL,3,FALSE
GCTA_est,0.318148,0.25,0.25,0.5,2000,2,0.9,5,0.05,5,200,EQUAL,3,FALSE
AdjHE_RE,0.3036614798359647,0.25,0.25,0.5,2000,2,0.9,5,0.05,5,200,EQUAL,3,FALSE
GCTA_est,0.218777,0.25,0.25,0.5,2000,2,0.9,5,0.05,5,200,EQUAL,3,FALSE
AdjHE_RE,0.18764909955726625,0.25,0.25,0.5,2000,2,0.9,5,0.05,5,200,EQUAL,3,FALSE
GCTA_est,0.322628,0.25,0.25,0.5,2000,2,0.9,5,0.05,5,200,EQUAL,3,FALSE
AdjHE_RE,0.4381401267276622,0.25,0.25,0.5,2000,2,0.9,5,0.05,5,200,EQUAL,3,FALSE
GCTA_est,0.130605,0.25,0.25,0.5,2000,2,0.9,5,0.05,5,200,EQUAL,3,FALSE
AdjHE_RE,0.5685780045256315,0.25,0.25,0.5,2000,2,0.9,5,0.05,5,200,EQUAL,3,FALSE
GCTA_est,0.329602,0.25,0.25,0.5,2000,2,0.9,5,0.05,5,200,EQUAL,3,FALSE
AdjHE_RE,0.3298622508182142,0.25,0.25,0.5,2000,2,0.9,5,0.05,5,200,EQUAL,3,FALSE
GCTA_est,0.33939600000000003,0.25,0.25,0.5,2000,2,0.9,5,0.05,5,200,EQUAL,3,FALSE
AdjHE_RE,0.5651052836665399,0.25,0.25,0.5,2000,2,0.9,5,0.05,5,200,EQUAL,3,FALSE
GCTA_est,0.23087,0.25,0.25,0.5,2000,2,0.9,5,0.05,5,200,EQUAL,3,FALSE
AdjHE_RE,0.2475774327954434,0.25,0.25,0.5,2000,2,0.9,5,0.05,5,200,EQUAL,3,FALSE
GCTA_est,0.225016,0.25,0.25,0.5,2000,2,0.9,5,0.05,5,200,EQUAL,3,FALSE
AdjHE_RE,0.17047251444438788,0.25,0.25,0.5,2000,2,0.9,5,0.05,5,200,EQUAL,3,FALSE
GCTA_est,0.511339,0.5,1e-6,0.5,2000,2,0.9,5,0.05,5,200,EQUAL,3,FALSE
AdjHE_RE,0.13283744653530416,0.5,1e-6,0.5,2000,2,0.9,5,0.05,5,200,EQUAL,3,FALSE
GCTA_est,0.29451700000000003,0.5,1e-6,0.5,2000,2,0.9,5,0.05,5,200,EQUAL,3,FALSE
AdjHE_RE,0.5109695488511333,0.5,1e-6,0.5,2000,2,0.9,5,0.05,5,200,EQUAL,3,FALSE
GCTA_est,0.335146,0.5,1e-6,0.5,2000,2,0.9,5,0.05,5,200,EQUAL,3,FALSE
AdjHE_RE,0.4482092664818005,0.5,1e-6,0.5,2000,2,0.9,5,0.05,5,200,EQUAL,3,FALSE
GCTA_est,0.5112720000000001,0.5,1e-6,0.5,2000,2,0.9,5,0.05,5,200,EQUAL,3,FALSE
AdjHE_RE,0.3719306569697115,0.5,1e-6,0.5,2000,2,0.9,5,0.05,5,200,EQUAL,3,FALSE
GCTA_est,0.517067,0.5,1e-6,0.5,2000,2,0.9,5,0.05,5,200,EQUAL,3,FALSE
AdjHE_RE,0.28667705780344,0.5,1e-6,0.5,2000,2,0.9,5,0.05,5,200,EQUAL,3,FALSE
GCTA_est,0.521407,0.5,1e-6,0.5,2000,2,0.9,5,0.05,5,200,EQUAL,3,FALSE
AdjHE_RE,0.24920076753448497,0.5,1e-6,0.5,2000,2,0.9,5,0.05,5,200,EQUAL,3,FALSE
GCTA_est,0.533513,0.5,1e-6,0.5,2000,2,0.9,5,0.05,5,200,EQUAL,3,FALSE
AdjHE_RE,0.17867077403858125,0.5,1e-6,0.5,2000,2,0.9,5,0.05,5,200,EQUAL,3,FALSE
GCTA_est,0.491611,0.5,1e-6,0.5,2000,2,0.9,5,0.05,5,200,EQUAL,3,FALSE
AdjHE_RE,0.4235950505364187,0.5,1e-6,0.5,2000,2,0.9,5,0.05,5,200,EQUAL,3,FALSE
GCTA_est,0.393591,0.5,1e-6,0.5,2000,2,0.9,5,0.05,5,200,EQUAL,3,FALSE
AdjHE_RE,0.5582919939391636,0.5,1e-6,0.5,2000,2,0.9,5,0.05,5,200,EQUAL,3,FALSE
GCTA_est,0.414922,0.5,1e-6,0.5,2000,2,0.9,5,0.05,5,200,EQUAL,3,FALSE
AdjHE_RE,0.38568978897341366,0.5,1e-6,0.5,2000,2,0.9,5,0.05,5,200,EQUAL,3,FALSE
GCTA_est,0.51071,0.5,0.25,0.25,2000,2,0.9,5,0.05,5,200,EQUAL,3,FALSE
AdjHE_RE,0.5991391822377172,0.5,0.25,0.25,2000,2,0.9,5,0.05,5,200,EQUAL,3,FALSE
GCTA_est,0.753317,0.5,0.25,0.25,2000,2,0.9,5,0.05,5,200,EQUAL,3,FALSE
AdjHE_RE,0.32945271526478664,0.5,0.25,0.25,2000,2,0.9,5,0.05,5,200,EQUAL,3,FALSE
GCTA_est,0.47493900000000006,0.5,0.25,0.25,2000,2,0.9,5,0.05,5,200,EQUAL,3,FALSE
AdjHE_RE,1,0.5,0.25,0.25,2000,2,0.9,5,0.05,5,200,EQUAL,3,FALSE
GCTA_est,0.6851149999999999,0.5,0.25,0.25,2000,2,0.9,5,0.05,5,200,EQUAL,3,FALSE
AdjHE_RE,0.5487149634294268,0.5,0.25,0.25,2000,2,0.9,5,0.05,5,200,EQUAL,3,FALSE
GCTA_est,0.683497,0.5,0.25,0.25,2000,2,0.9,5,0.05,5,200,EQUAL,3,FALSE
AdjHE_RE,0.4128527080211203,0.5,0.25,0.25,2000,2,0.9,5,0.05,5,200,EQUAL,3,FALSE
GCTA_est,0.7172069999999999,0.5,0.25,0.25,2000,2,0.9,5,0.05,5,200,EQUAL,3,FALSE
AdjHE_RE,0.6087402518208569,0.5,0.25,0.25,2000,2,0.9,5,0.05,5,200,EQUAL,3,FALSE
GCTA_est,0.560685,0.5,0.25,0.25,2000,2,0.9,5,0.05,5,200,EQUAL,3,FALSE
AdjHE_RE,0.20005350441267497,0.5,0.25,0.25,2000,2,0.9,5,0.05,5,200,EQUAL,3,FALSE
GCTA_est,0.453493,0.5,0.25,0.25,2000,2,0.9,5,0.05,5,200,EQUAL,3,FALSE
AdjHE_RE,0.5722137213783324,0.5,0.25,0.25,2000,2,0.9,5,0.05,5,200,EQUAL,3,FALSE
GCTA_est,0.430505,0.5,0.25,0.25,2000,2,0.9,5,0.05,5,200,EQUAL,3,FALSE
AdjHE_RE,0.818076041014573,0.5,0.25,0.25,2000,2,0.9,5,0.05,5,200,EQUAL,3,FALSE
GCTA_est,0.5876100000000001,0.5,0.25,0.25,2000,2,0.9,5,0.05,5,200,EQUAL,3,FALSE
AdjHE_RE,0.22580290844701573,0.5,0.25,0.25,2000,2,0.9,5,0.05,5,200,EQUAL,3,FALSE
GCTA_est,1e-6,1e-6,1e-6,1,2000,2,0.9,5,0.05,5,200,EQUAL,3,FALSE
AdjHE_RE,0,1e-6,1e-6,1,2000,2,0.9,5,0.05,5,200,EQUAL,3,FALSE
GCTA_est,0.008151,1e-6,1e-6,1,2000,2,0.9,5,0.05,5,200,EQUAL,3,FALSE
AdjHE_RE,0,1e-6,1e-6,1,2000,2,0.9,5,0.05,5,200,EQUAL,3,FALSE
GCTA_est,0.035926,1e-6,1e-6,1,2000,2,0.9,5,0.05,5,200,EQUAL,3,FALSE
AdjHE_RE,5.4059459211939e-4,1e-6,1e-6,1,2000,2,0.9,5,0.05,5,200,EQUAL,3,FALSE
GCTA_est,0.008494,1e-6,1e-6,1,2000,2,0.9,5,0.05,5,200,EQUAL,3,FALSE
AdjHE_RE,8.2459824190357e-4,1e-6,1e-6,1,2000,2,0.9,5,0.05,5,200,EQUAL,3,FALSE
GCTA_est,0.00802999999999999,1e-6,1e-6,1,2000,2,0.9,5,0.05,5,200,EQUAL,3,FALSE
AdjHE_RE,0,1e-6,1e-6,1,2000,2,0.9,5,0.05,5,200,EQUAL,3,FALSE
GCTA_est,0.016399,1e-6,1e-6,1,2000,2,0.9,5,0.05,5,200,EQUAL,3,FALSE
AdjHE_RE,0,1e-6,1e-6,1,2000,2,0.9,5,0.05,5,200,EQUAL,3,FALSE
GCTA_est,1e-6,1e-6,1e-6,1,2000,2,0.9,5,0.05,5,200,EQUAL,3,FALSE
AdjHE_RE,0,1e-6,1e-6,1,2000,2,0.9,5,0.05,5,200,EQUAL,3,FALSE
GCTA_est,0.014327,1e-6,1e-6,1,2000,2,0.9,5,0.05,5,200,EQUAL,3,FALSE
AdjHE_RE,5.4265814507435e-4,1e-6,1e-6,1,2000,2,0.9,5,0.05,5,200,EQUAL,3,FALSE
GCTA_est,0.00577299999999999,1e-6,1e-6,1,2000,2,0.9,5,0.05,5,200,EQUAL,3,FALSE
AdjHE_RE,0.00175821216265608,1e-6,1e-6,1,2000,2,0.9,5,0.05,5,200,EQUAL,3,FALSE
GCTA_est,0.024421000000000002,1e-6,1e-6,1,2000,2,0.9,5,0.05,5,200,EQUAL,3,FALSE
AdjHE_RE,7.799804625959882e-5,1e-6,1e-6,1,2000,2,0.9,5,0.05,5,200,EQUAL,3,FALSE
GCTA_est,0.15074100000000001,0.25,1e-6,0.75,2000,2,0.9,5,0.05,5,200,EQUAL,3,FALSE
AdjHE_RE,0.24439214533435435,0.25,1e-6,0.75,2000,2,0.9,5,0.05,5,200,EQUAL,3,FALSE
GCTA_est,0.26811999999999997,0.25,1e-6,0.75,2000,2,0.9,5,0.05,5,200,EQUAL,3,FALSE
AdjHE_RE,0.04679077202466376,0.25,1e-6,0.75,2000,2,0.9,5,0.05,5,200,EQUAL,3,FALSE
GCTA_est,0.201602,0.25,1e-6,0.75,2000,2,0.9,5,0.05,5,200,EQUAL,3,FALSE
AdjHE_RE,0.15898633950105823,0.25,1e-6,0.75,2000,2,0.9,5,0.05,5,200,EQUAL,3,FALSE
GCTA_est,0.289526,0.25,1e-6,0.75,2000,2,0.9,5,0.05,5,200,EQUAL,3,FALSE
AdjHE_RE,0.08162189322471884,0.25,1e-6,0.75,2000,2,0.9,5,0.05,5,200,EQUAL,3,FALSE
GCTA_est,0.310318,0.25,1e-6,0.75,2000,2,0.9,5,0.05,5,200,EQUAL,3,FALSE
AdjHE_RE,0.0918168465217574,0.25,1e-6,0.75,2000,2,0.9,5,0.05,5,200,EQUAL,3,FALSE
GCTA_est,0.13511900000000002,0.25,1e-6,0.75,2000,2,0.9,5,0.05,5,200,EQUAL,3,FALSE
AdjHE_RE,0.263629002455987,0.25,1e-6,0.75,2000,2,0.9,5,0.05,5,200,EQUAL,3,FALSE
GCTA_est,0.095688,0.25,1e-6,0.75,2000,2,0.9,5,0.05,5,200,EQUAL,3,FALSE
AdjHE_RE,0.3905325803055953,0.25,1e-6,0.75,2000,2,0.9,5,0.05,5,200,EQUAL,3,FALSE
GCTA_est,0.107181,0.25,1e-6,0.75,2000,2,0.9,5,0.05,5,200,EQUAL,3,FALSE
AdjHE_RE,0.1748239329442462,0.25,1e-6,0.75,2000,2,0.9,5,0.05,5,200,EQUAL,3,FALSE
GCTA_est,0.183261,0.25,1e-6,0.75,2000,2,0.9,5,0.05,5,200,EQUAL,3,FALSE
AdjHE_RE,0.15246915951872686,0.25,1e-6,0.75,2000,2,0.9,5,0.05,5,200,EQUAL,3,FALSE
GCTA_est,0.305694,0.25,1e-6,0.75,2000,2,0.9,5,0.05,5,200,EQUAL,3,FALSE
AdjHE_RE,0.06443130594475859,0.25,1e-6,0.75,2000,2,0.9,5,0.05,5,200,EQUAL,3,FALSE
GCTA_est,0.334841,0.25,0.25,0.5,2000,2,0.9,5,0.05,5,200,EQUAL,3,FALSE
AdjHE_RE,0.3241604417377373,0.25,0.25,0.5,2000,2,0.9,5,0.05,5,200,EQUAL,3,FALSE
GCTA_est,0.142285,0.25,0.25,0.5,2000,2,0.9,5,0.05,5,200,EQUAL,3,FALSE
AdjHE_RE,0.12116590604865086,0.25,0.25,0.5,2000,2,0.9,5,0.05,5,200,EQUAL,3,FALSE
GCTA_est,0.336474,0.25,0.25,0.5,2000,2,0.9,5,0.05,5,200,EQUAL,3,FALSE
AdjHE_RE,0.42363076204634414,0.25,0.25,0.5,2000,2,0.9,5,0.05,5,200,EQUAL,3,FALSE
GCTA_est,0.21847800000000003,0.25,0.25,0.5,2000,2,0.9,5,0.05,5,200,EQUAL,3,FALSE
AdjHE_RE,0.4033208093051504,0.25,0.25,0.5,2000,2,0.9,5,0.05,5,200,EQUAL,3,FALSE
GCTA_est,0.230566,0.25,0.25,0.5,2000,2,0.9,5,0.05,5,200,EQUAL,3,FALSE
AdjHE_RE,0.17083490150178995,0.25,0.25,0.5,2000,2,0.9,5,0.05,5,200,EQUAL,3,FALSE
GCTA_est,0.185185,0.25,0.25,0.5,2000,2,0.9,5,0.05,5,200,EQUAL,3,FALSE
AdjHE_RE,0.3314827553781492,0.25,0.25,0.5,2000,2,0.9,5,0.05,5,200,EQUAL,3,FALSE
GCTA_est,0.30685999999999997,0.25,0.25,0.5,2000,2,0.9,5,0.05,5,200,EQUAL,3,FALSE
AdjHE_RE,0.36528692753917513,0.25,0.25,0.5,2000,2,0.9,5,0.05,5,200,EQUAL,3,FALSE
GCTA_est,0.4363109999999999,0.25,0.25,0.5,2000,2,0.9,5,0.05,5,200,EQUAL,3,FALSE
AdjHE_RE,0.2850650287050153,0.25,0.25,0.5,2000,2,0.9,5,0.05,5,200,EQUAL,3,FALSE
GCTA_est,0.399562,0.25,0.25,0.5,2000,2,0.9,5,0.05,5,200,EQUAL,3,FALSE
AdjHE_RE,0.0974834738788206,0.25,0.25,0.5,2000,2,0.9,5,0.05,5,200,EQUAL,3,FALSE
GCTA_est,0.282806,0.25,0.25,0.5,2000,2,0.9,5,0.05,5,200,EQUAL,3,FALSE
AdjHE_RE,0.05476305449751009,0.25,0.25,0.5,2000,2,0.9,5,0.05,5,200,EQUAL,3,FALSE
GCTA_est,0.411997,0.5,1e-6,0.5,2000,2,0.9,5,0.05,5,200,EQUAL,3,FALSE
AdjHE_RE,0.41118558852420983,0.5,1e-6,0.5,2000,2,0.9,5,0.05,5,200,EQUAL,3,FALSE
GCTA_est,0.309562,0.5,1e-6,0.5,2000,2,0.9,5,0.05,5,200,EQUAL,3,FALSE
AdjHE_RE,0.40679306576818114,0.5,1e-6,0.5,2000,2,0.9,5,0.05,5,200,EQUAL,3,FALSE
GCTA_est,0.609708,0.5,1e-6,0.5,2000,2,0.9,5,0.05,5,200,EQUAL,3,FALSE
AdjHE_RE,0.05370077858244791,0.5,1e-6,0.5,2000,2,0.9,5,0.05,5,200,EQUAL,3,FALSE
GCTA_est,0.347946,0.5,1e-6,0.5,2000,2,0.9,5,0.05,5,200,EQUAL,3,FALSE
AdjHE_RE,0.8263791836511342,0.5,1e-6,0.5,2000,2,0.9,5,0.05,5,200,EQUAL,3,FALSE
GCTA_est,0.556904,0.5,1e-6,0.5,2000,2,0.9,5,0.05,5,200,EQUAL,3,FALSE
AdjHE_RE,0.22996003123521436,0.5,1e-6,0.5,2000,2,0.9,5,0.05,5,200,EQUAL,3,FALSE
GCTA_est,0.28626599999999996,0.5,1e-6,0.5,2000,2,0.9,5,0.05,5,200,EQUAL,3,FALSE
AdjHE_RE,0.7645664845526029,0.5,1e-6,0.5,2000,2,0.9,5,0.05,5,200,EQUAL,3,FALSE
GCTA_est,0.431041,0.5,1e-6,0.5,2000,2,0.9,5,0.05,5,200,EQUAL,3,FALSE
AdjHE_RE,0.49324126422497616,0.5,1e-6,0.5,2000,2,0.9,5,0.05,5,200,EQUAL,3,FALSE
GCTA_est,0.489679,0.5,1e-6,0.5,2000,2,0.9,5,0.05,5,200,EQUAL,3,FALSE
AdjHE_RE,0.19656086041725793,0.5,1e-6,0.5,2000,2,0.9,5,0.05,5,200,EQUAL,3,FALSE
GCTA_est,0.567208,0.5,1e-6,0.5,2000,2,0.9,5,0.05,5,200,EQUAL,3,FALSE
AdjHE_RE,0.07599811589961894,0.5,1e-6,0.5,2000,2,0.9,5,0.05,5,200,EQUAL,3,FALSE
GCTA_est,0.460322,0.5,1e-6,0.5,2000,2,0.9,5,0.05,5,200,EQUAL,3,FALSE
AdjHE_RE,0.31114657757605907,0.5,1e-6,0.5,2000,2,0.9,5,0.05,5,200,EQUAL,3,FALSE
GCTA_est,0.7170350000000001,0.5,0.25,0.25,2000,2,0.9,5,0.05,5,200,EQUAL,3,FALSE
AdjHE_RE,0.2903153010411195,0.5,0.25,0.25,2000,2,0.9,5,0.05,5,200,EQUAL,3,FALSE
GCTA_est,0.645528,0.5,0.25,0.25,2000,2,0.9,5,0.05,5,200,EQUAL,3,FALSE
AdjHE_RE,0.572093008799413,0.5,0.25,0.25,2000,2,0.9,5,0.05,5,200,EQUAL,3,FALSE
GCTA_est,0.598974,0.5,0.25,0.25,2000,2,0.9,5,0.05,5,200,EQUAL,3,FALSE
AdjHE_RE,0.5999708070652442,0.5,0.25,0.25,2000,2,0.9,5,0.05,5,200,EQUAL,3,FALSE
GCTA_est,0.674936,0.5,0.25,0.25,2000,2,0.9,5,0.05,5,200,EQUAL,3,FALSE
AdjHE_RE,0.37230559498787863,0.5,0.25,0.25,2000,2,0.9,5,0.05,5,200,EQUAL,3,FALSE
GCTA_est,0.644221,0.5,0.25,0.25,2000,2,0.9,5,0.05,5,200,EQUAL,3,FALSE
AdjHE_RE,0.5071980009597509,0.5,0.25,0.25,2000,2,0.9,5,0.05,5,200,EQUAL,3,FALSE
GCTA_est,0.620671,0.5,0.25,0.25,2000,2,0.9,5,0.05,5,200,EQUAL,3,FALSE
AdjHE_RE,0.33916583269597134,0.5,0.25,0.25,2000,2,0.9,5,0.05,5,200,EQUAL,3,FALSE
GCTA_est,0.302289,0.5,0.25,0.25,2000,2,0.9,5,0.05,5,200,EQUAL,3,FALSE
AdjHE_RE,0.4254736065034949,0.5,0.25,0.25,2000,2,0.9,5,0.05,5,200,EQUAL,3,FALSE
GCTA_est,0.614913,0.5,0.25,0.25,2000,2,0.9,5,0.05,5,200,EQUAL,3,FALSE
AdjHE_RE,0.5349687952304019,0.5,0.25,0.25,2000,2,0.9,5,0.05,5,200,EQUAL,3,FALSE
GCTA_est,0.7292529999999999,0.5,0.25,0.25,2000,2,0.9,5,0.05,5,200,EQUAL,3,FALSE
AdjHE_RE,0.19223741887126924,0.5,0.25,0.25,2000,2,0.9,5,0.05,5,200,EQUAL,3,FALSE
GCTA_est,0.591418,0.5,0.25,0.25,2000,2,0.9,5,0.05,5,200,EQUAL,3,FALSE
AdjHE_RE,0.3724432427423276,0.5,0.25,0.25,2000,2,0.9,5,0.05,5,200,EQUAL,3,FALSE
GCTA_est,1e-6,1e-6,1e-6,1,2000,2,0.9,5,0.05,5,200,EQUAL,3,FALSE
AdjHE_RE,0,1e-6,1e-6,1,2000,2,0.9,5,0.05,5,200,EQUAL,3,FALSE
GCTA_est,0.00332999999999999,1e-6,1e-6,1,2000,2,0.9,5,0.05,5,200,EQUAL,3,FALSE
AdjHE_RE,0,1e-6,1e-6,1,2000,2,0.9,5,0.05,5,200,EQUAL,3,FALSE
GCTA_est,0.012009,1e-6,1e-6,1,2000,2,0.9,5,0.05,5,200,EQUAL,3,FALSE
AdjHE_RE,0.00322113730933383,1e-6,1e-6,1,2000,2,0.9,5,0.05,5,200,EQUAL,3,FALSE
GCTA_est,0.01603,1e-6,1e-6,1,2000,2,0.9,5,0.05,5,200,EQUAL,3,FALSE
AdjHE_RE,0,1e-6,1e-6,1,2000,2,0.9,5,0.05,5,200,EQUAL,3,FALSE
GCTA_est,0.001468,1e-6,1e-6,1,2000,2,0.9,5,0.05,5,200,EQUAL,3,FALSE
AdjHE_RE,0,1e-6,1e-6,1,2000,2,0.9,5,0.05,5,200,EQUAL,3,FALSE
GCTA_est,0.011536,1e-6,1e-6,1,2000,2,0.9,5,0.05,5,200,EQUAL,3,FALSE
AdjHE_RE,0.00169979703606651,1e-6,1e-6,1,2000,2,0.9,5,0.05,5,200,EQUAL,3,FALSE
GCTA_est,0.001785,1e-6,1e-6,1,2000,2,0.9,5,0.05,5,200,EQUAL,3,FALSE
AdjHE_RE,0,1e-6,1e-6,1,2000,2,0.9,5,0.05,5,200,EQUAL,3,FALSE
GCTA_est,1e-6,1e-6,1e-6,1,2000,2,0.9,5,0.05,5,200,EQUAL,3,FALSE
AdjHE_RE,0,1e-6,1e-6,1,2000,2,0.9,5,0.05,5,200,EQUAL,3,FALSE
GCTA_est,1e-6,1e-6,1e-6,1,2000,2,0.9,5,0.05,5,200,EQUAL,3,FALSE
AdjHE_RE,0,1e-6,1e-6,1,2000,2,0.9,5,0.05,5,200,EQUAL,3,FALSE
GCTA_est,1e-6,1e-6,1e-6,1,2000,2,0.9,5,0.05,5,200,EQUAL,3,FALSE
AdjHE_RE,0,1e-6,1e-6,1,2000,2,0.9,5,0.05,5,200,EQUAL,3,FALSE
GCTA_est,0.17112,0.25,1e-6,0.75,2000,2,0.9,5,0.05,5,200,EQUAL,3,FALSE
AdjHE_RE,0.18601585826605077,0.25,1e-6,0.75,2000,2,0.9,5,0.05,5,200,EQUAL,3,FALSE
GCTA_est,0.14861,0.25,1e-6,0.75,2000,2,0.9,5,0.05,5,200,EQUAL,3,FALSE
AdjHE_RE,0.26554679790552993,0.25,1e-6,0.75,2000,2,0.9,5,0.05,5,200,EQUAL,3,FALSE
GCTA_est,0.291159,0.25,1e-6,0.75,2000,2,0.9,5,0.05,5,200,EQUAL,3,FALSE
AdjHE_RE,0.0962107385406745,0.25,1e-6,0.75,2000,2,0.9,5,0.05,5,200,EQUAL,3,FALSE
GCTA_est,0.170495,0.25,1e-6,0.75,2000,2,0.9,5,0.05,5,200,EQUAL,3,FALSE
AdjHE_RE,0.28820230843339567,0.25,1e-6,0.75,2000,2,0.9,5,0.05,5,200,EQUAL,3,FALSE
GCTA_est,0.250812,0.25,1e-6,0.75,2000,2,0.9,5,0.05,5,200,EQUAL,3,FALSE
AdjHE_RE,0.11176327770969398,0.25,1e-6,0.75,2000,2,0.9,5,0.05,5,200,EQUAL,3,FALSE
GCTA_est,0.192919,0.25,1e-6,0.75,2000,2,0.9,5,0.05,5,200,EQUAL,3,FALSE
AdjHE_RE,0.2486290047392155,0.25,1e-6,0.75,2000,2,0.9,5,0.05,5,200,EQUAL,3,FALSE
GCTA_est,0.198968,0.25,1e-6,0.75,2000,2,0.9,5,0.05,5,200,EQUAL,3,FALSE
AdjHE_RE,0.2372649540935841,0.25,1e-6,0.75,2000,2,0.9,5,0.05,5,200,EQUAL,3,FALSE
GCTA_est,0.22024,0.25,1e-6,0.75,2000,2,0.9,5,0.05,5,200,EQUAL,3,FALSE
AdjHE_RE,0.13081495577105848,0.25,1e-6,0.75,2000,2,0.9,5,0.05,5,200,EQUAL,3,FALSE
GCTA_est,0.211554,0.25,1e-6,0.75,2000,2,0.9,5,0.05,5,200,EQUAL,3,FALSE
AdjHE_RE,0.1996274300005373,0.25,1e-6,0.75,2000,2,0.9,5,0.05,5,200,EQUAL,3,FALSE
GCTA_est,0.258542,0.25,1e-6,0.75,2000,2,0.9,5,0.05,5,200,EQUAL,3,FALSE
AdjHE_RE,0.08394809901147202,0.25,1e-6,0.75,2000,2,0.9,5,0.05,5,200,EQUAL,3,FALSE
GCTA_est,0.188302,0.25,0.25,0.5,2000,2,0.9,5,0.05,5,200,EQUAL,3,FALSE
AdjHE_RE,0.42625660041259295,0.25,0.25,0.5,2000,2,0.9,5,0.05,5,200,EQUAL,3,FALSE
GCTA_est,0.283182,0.25,0.25,0.5,2000,2,0.9,5,0.05,5,200,EQUAL,3,FALSE
AdjHE_RE,0.7706232974393099,0.25,0.25,0.5,2000,2,0.9,5,0.05,5,200,EQUAL,3,FALSE
GCTA_est,0.28924,0.25,0.25,0.5,2000,2,0.9,5,0.05,5,200,EQUAL,3,FALSE
AdjHE_RE,0.3558103067801908,0.25,0.25,0.5,2000,2,0.9,5,0.05,5,200,EQUAL,3,FALSE
GCTA_est,0.425395,0.25,0.25,0.5,2000,2,0.9,5,0.05,5,200,EQUAL,3,FALSE
AdjHE_RE,0.19101048012565375,0.25,0.25,0.5,2000,2,0.9,5,0.05,5,200,EQUAL,3,FALSE
GCTA_est,0.32166100000000003,0.25,0.25,0.5,2000,2,0.9,5,0.05,5,200,EQUAL,3,FALSE
AdjHE_RE,0.07401743917594544,0.25,0.25,0.5,2000,2,0.9,5,0.05,5,200,EQUAL,3,FALSE
GCTA_est,0.166505,0.25,0.25,0.5,2000,2,0.9,5,0.05,5,200,EQUAL,3,FALSE
AdjHE_RE,0.35192271984108286,0.25,0.25,0.5,2000,2,0.9,5,0.05,5,200,EQUAL,3,FALSE
GCTA_est,0.214542,0.25,0.25,0.5,2000,2,0.9,5,0.05,5,200,EQUAL,3,FALSE
AdjHE_RE,0.02526042382925508,0.25,0.25,0.5,2000,2,0.9,5,0.05,5,200,EQUAL,3,FALSE
GCTA_est,0.203954,0.25,0.25,0.5,2000,2,0.9,5,0.05,5,200,EQUAL,3,FALSE
AdjHE_RE,0.2118148536019218,0.25,0.25,0.5,2000,2,0.9,5,0.05,5,200,EQUAL,3,FALSE
GCTA_est,0.260252,0.25,0.25,0.5,2000,2,0.9,5,0.05,5,200,EQUAL,3,FALSE
AdjHE_RE,0.5005027779630459,0.25,0.25,0.5,2000,2,0.9,5,0.05,5,200,EQUAL,3,FALSE
GCTA_est,0.423624,0.25,0.25,0.5,2000,2,0.9,5,0.05,5,200,EQUAL,3,FALSE
AdjHE_RE,0.06941535526131987,0.25,0.25,0.5,2000,2,0.9,5,0.05,5,200,EQUAL,3,FALSE
GCTA_est,0.375935,0.5,1e-6,0.5,2000,2,0.9,5,0.05,5,200,EQUAL,3,FALSE
AdjHE_RE,0.4995265189722613,0.5,1e-6,0.5,2000,2,0.9,5,0.05,5,200,EQUAL,3,FALSE
GCTA_est,0.3508,0.5,1e-6,0.5,2000,2,0.9,5,0.05,5,200,EQUAL,3,FALSE
AdjHE_RE,0.6393253732282107,0.5,1e-6,0.5,2000,2,0.9,5,0.05,5,200,EQUAL,3,FALSE
GCTA_est,0.335478,0.5,1e-6,0.5,2000,2,0.9,5,0.05,5,200,EQUAL,3,FALSE
AdjHE_RE,0.5709760942822005,0.5,1e-6,0.5,2000,2,0.9,5,0.05,5,200,EQUAL,3,FALSE
GCTA_est,0.401601,0.5,1e-6,0.5,2000,2,0.9,5,0.05,5,200,EQUAL,3,FALSE
AdjHE_RE,0.5099834002607601,0.5,1e-6,0.5,2000,2,0.9,5,0.05,5,200,EQUAL,3,FALSE
GCTA_est,0.298727,0.5,1e-6,0.5,2000,2,0.9,5,0.05,5,200,EQUAL,3,FALSE
AdjHE_RE,0.4934614932259021,0.5,1e-6,0.5,2000,2,0.9,5,0.05,5,200,EQUAL,3,FALSE
GCTA_est,0.4710319999999999,0.5,1e-6,0.5,2000,2,0.9,5,0.05,5,200,EQUAL,3,FALSE
AdjHE_RE,0.3361275314226262,0.5,1e-6,0.5,2000,2,0.9,5,0.05,5,200,EQUAL,3,FALSE
GCTA_est,0.527521,0.5,1e-6,0.5,2000,2,0.9,5,0.05,5,200,EQUAL,3,FALSE
AdjHE_RE,0.10866266480106464,0.5,1e-6,0.5,2000,2,0.9,5,0.05,5,200,EQUAL,3,FALSE
GCTA_est,0.302182,0.5,1e-6,0.5,2000,2,0.9,5,0.05,5,200,EQUAL,3,FALSE
AdjHE_RE,0.5271890993639113,0.5,1e-6,0.5,2000,2,0.9,5,0.05,5,200,EQUAL,3,FALSE
GCTA_est,0.327303,0.5,1e-6,0.5,2000,2,0.9,5,0.05,5,200,EQUAL,3,FALSE
AdjHE_RE,0.4261968563555488,0.5,1e-6,0.5,2000,2,0.9,5,0.05,5,200,EQUAL,3,FALSE
GCTA_est,0.43563,0.5,1e-6,0.5,2000,2,0.9,5,0.05,5,200,EQUAL,3,FALSE
AdjHE_RE,0.4187735231476312,0.5,1e-6,0.5,2000,2,0.9,5,0.05,5,200,EQUAL,3,FALSE
GCTA_est,0.4704529999999999,0.5,0.25,0.25,2000,2,0.9,5,0.05,5,200,EQUAL,3,FALSE
AdjHE_RE,0.23011517908531912,0.5,0.25,0.25,2000,2,0.9,5,0.05,5,200,EQUAL,3,FALSE
GCTA_est,0.449867,0.5,0.25,0.25,2000,2,0.9,5,0.05,5,200,EQUAL,3,FALSE
AdjHE_RE,0.5327461496698496,0.5,0.25,0.25,2000,2,0.9,5,0.05,5,200,EQUAL,3,FALSE
GCTA_est,0.602895,0.5,0.25,0.25,2000,2,0.9,5,0.05,5,200,EQUAL,3,FALSE
AdjHE_RE,0.08516441137114844,0.5,0.25,0.25,2000,2,0.9,5,0.05,5,200,EQUAL,3,FALSE
GCTA_est,0.6923819999999999,0.5,0.25,0.25,2000,2,0.9,5,0.05,5,200,EQUAL,3,FALSE
AdjHE_RE,0.2196692109138483,0.5,0.25,0.25,2000,2,0.9,5,0.05,5,200,EQUAL,3,FALSE
GCTA_est,0.636471,0.5,0.25,0.25,2000,2,0.9,5,0.05,5,200,EQUAL,3,FALSE
AdjHE_RE,0.2138591514503984,0.5,0.25,0.25,2000,2,0.9,5,0.05,5,200,EQUAL,3,FALSE
GCTA_est,0.550566,0.5,0.25,0.25,2000,2,0.9,5,0.05,5,200,EQUAL,3,FALSE
AdjHE_RE,0.5532048563296298,0.5,0.25,0.25,2000,2,0.9,5,0.05,5,200,EQUAL,3,FALSE
GCTA_est,0.577159,0.5,0.25,0.25,2000,2,0.9,5,0.05,5,200,EQUAL,3,FALSE
AdjHE_RE,0.8045842945601911,0.5,0.25,0.25,2000,2,0.9,5,0.05,5,200,EQUAL,3,FALSE
GCTA_est,0.62046,0.5,0.25,0.25,2000,2,0.9,5,0.05,5,200,EQUAL,3,FALSE
AdjHE_RE,0.2927139000560371,0.5,0.25,0.25,2000,2,0.9,5,0.05,5,200,EQUAL,3,FALSE
GCTA_est,0.581028,0.5,0.25,0.25,2000,2,0.9,5,0.05,5,200,EQUAL,3,FALSE
AdjHE_RE,0.8451266657198052,0.5,0.25,0.25,2000,2,0.9,5,0.05,5,200,EQUAL,3,FALSE
GCTA_est,0.557243,0.5,0.25,0.25,2000,2,0.9,5,0.05,5,200,EQUAL,3,FALSE
AdjHE_RE,0.29319715777127986,0.5,0.25,0.25,2000,2,0.9,5,0.05,5,200,EQUAL,3,FALSE
GCTA_est,1e-6,1e-6,1e-6,1,2000,2,0.9,5,0.05,5,200,EQUAL,3,FALSE
AdjHE_RE,0,1e-6,1e-6,1,2000,2,0.9,5,0.05,5,200,EQUAL,3,FALSE
GCTA_est,0.003147,1e-6,1e-6,1,2000,2,0.9,5,0.05,5,200,EQUAL,3,FALSE
AdjHE_RE,3.589653160340219e-5,1e-6,1e-6,1,2000,2,0.9,5,0.05,5,200,EQUAL,3,FALSE
GCTA_est,0.004679,1e-6,1e-6,1,2000,2,0.9,5,0.05,5,200,EQUAL,3,FALSE
AdjHE_RE,7.3754331592973e-4,1e-6,1e-6,1,2000,2,0.9,5,0.05,5,200,EQUAL,3,FALSE
GCTA_est,0.002121,1e-6,1e-6,1,2000,2,0.9,5,0.05,5,200,EQUAL,3,FALSE
AdjHE_RE,0,1e-6,1e-6,1,2000,2,0.9,5,0.05,5,200,EQUAL,3,FALSE
GCTA_est,1e-6,1e-6,1e-6,1,2000,2,0.9,5,0.05,5,200,EQUAL,3,FALSE
AdjHE_RE,0,1e-6,1e-6,1,2000,2,0.9,5,0.05,5,200,EQUAL,3,FALSE
GCTA_est,0.018325,1e-6,1e-6,1,2000,2,0.9,5,0.05,5,200,EQUAL,3,FALSE
AdjHE_RE,0,1e-6,1e-6,1,2000,2,0.9,5,0.05,5,200,EQUAL,3,FALSE
GCTA_est,1e-6,1e-6,1e-6,1,2000,2,0.9,5,0.05,5,200,EQUAL,3,FALSE
AdjHE_RE,0,1e-6,1e-6,1,2000,2,0.9,5,0.05,5,200,EQUAL,3,FALSE
GCTA_est,0.020556,1e-6,1e-6,1,2000,2,0.9,5,0.05,5,200,EQUAL,3,FALSE
AdjHE_RE,9.5028702180595e-4,1e-6,1e-6,1,2000,2,0.9,5,0.05,5,200,EQUAL,3,FALSE
GCTA_est,1e-6,1e-6,1e-6,1,2000,2,0.9,5,0.05,5,200,EQUAL,3,FALSE
AdjHE_RE,0,1e-6,1e-6,1,2000,2,0.9,5,0.05,5,200,EQUAL,3,FALSE
GCTA_est,1e-6,1e-6,1e-6,1,2000,2,0.9,5,0.05,5,200,EQUAL,3,FALSE
AdjHE_RE,0,1e-6,1e-6,1,2000,2,0.9,5,0.05,5,200,EQUAL,3,FALSE
GCTA_est,0.198992,0.25,1e-6,0.75,2000,2,0.9,5,0.05,5,200,EQUAL,3,FALSE
AdjHE_RE,0.12498283913833502,0.25,1e-6,0.75,2000,2,0.9,5,0.05,5,200,EQUAL,3,FALSE
GCTA_est,0.26045,0.25,1e-6,0.75,2000,2,0.9,5,0.05,5,200,EQUAL,3,FALSE
AdjHE_RE,0.1097742606599108,0.25,1e-6,0.75,2000,2,0.9,5,0.05,5,200,EQUAL,3,FALSE
GCTA_est,0.298188,0.25,1e-6,0.75,2000,2,0.9,5,0.05,5,200,EQUAL,3,FALSE
AdjHE_RE,0.12613885170033973,0.25,1e-6,0.75,2000,2,0.9,5,0.05,5,200,EQUAL,3,FALSE
GCTA_est,0.133852,0.25,1e-6,0.75,2000,2,0.9,5,0.05,5,200,EQUAL,3,FALSE
AdjHE_RE,0.1378328835647275,0.25,1e-6,0.75,2000,2,0.9,5,0.05,5,200,EQUAL,3,FALSE
GCTA_est,0.233463,0.25,1e-6,0.75,2000,2,0.9,5,0.05,5,200,EQUAL,3,FALSE
AdjHE_RE,0.250464270945347,0.25,1e-6,0.75,2000,2,0.9,5,0.05,5,200,EQUAL,3,FALSE
GCTA_est,0.210015,0.25,1e-6,0.75,2000,2,0.9,5,0.05,5,200,EQUAL,3,FALSE
AdjHE_RE,0.09530627391935692,0.25,1e-6,0.75,2000,2,0.9,5,0.05,5,200,EQUAL,3,FALSE
GCTA_est,0.167081,0.25,1e-6,0.75,2000,2,0.9,5,0.05,5,200,EQUAL,3,FALSE
AdjHE_RE,0.17402245965001417,0.25,1e-6,0.75,2000,2,0.9,5,0.05,5,200,EQUAL,3,FALSE
GCTA_est,0.29740300000000003,0.25,1e-6,0.75,2000,2,0.9,5,0.05,5,200,EQUAL,3,FALSE
AdjHE_RE,0.0976716509684033,0.25,1e-6,0.75,2000,2,0.9,5,0.05,5,200,EQUAL,3,FALSE
GCTA_est,0.238545,0.25,1e-6,0.75,2000,2,0.9,5,0.05,5,200,EQUAL,3,FALSE
AdjHE_RE,0.08319947570725651,0.25,1e-6,0.75,2000,2,0.9,5,0.05,5,200,EQUAL,3,FALSE
GCTA_est,0.14347200000000002,0.25,1e-6,0.75,2000,2,0.9,5,0.05,5,200,EQUAL,3,FALSE
AdjHE_RE,0.3014025243618913,0.25,1e-6,0.75,2000,2,0.9,5,0.05,5,200,EQUAL,3,FALSE
GCTA_est,0.35496300000000003,0.25,0.25,0.5,2000,2,0.9,5,0.05,5,200,EQUAL,3,FALSE
AdjHE_RE,0.5487092957375981,0.25,0.25,0.5,2000,2,0.9,5,0.05,5,200,EQUAL,3,FALSE
GCTA_est,0.384819,0.25,0.25,0.5,2000,2,0.9,5,0.05,5,200,EQUAL,3,FALSE
AdjHE_RE,0.16038147375880302,0.25,0.25,0.5,2000,2,0.9,5,0.05,5,200,EQUAL,3,FALSE
GCTA_est,0.29402399999999995,0.25,0.25,0.5,2000,2,0.9,5,0.05,5,200,EQUAL,3,FALSE
AdjHE_RE,0.21237955302025388,0.25,0.25,0.5,2000,2,0.9,5,0.05,5,200,EQUAL,3,FALSE
GCTA_est,0.365186,0.25,0.25,0.5,2000,2,0.9,5,0.05,5,200,EQUAL,3,FALSE
AdjHE_RE,0.12380105783331144,0.25,0.25,0.5,2000,2,0.9,5,0.05,5,200,EQUAL,3,FALSE
GCTA_est,0.304343,0.25,0.25,0.5,2000,2,0.9,5,0.05,5,200,EQUAL,3,FALSE
AdjHE_RE,0.19056727227870124,0.25,0.25,0.5,2000,2,0.9,5,0.05,5,200,EQUAL,3,FALSE
GCTA_est,0.23229499999999997,0.25,0.25,0.5,2000,2,0.9,5,0.05,5,200,EQUAL,3,FALSE
AdjHE_RE,0.05790683486915358,0.25,0.25,0.5,2000,2,0.9,5,0.05,5,200,EQUAL,3,FALSE
GCTA_est,0.132326,0.25,0.25,0.5,2000,2,0.9,5,0.05,5,200,EQUAL,3,FALSE
AdjHE_RE,1,0.25,0.25,0.5,2000,2,0.9,5,0.05,5,200,EQUAL,3,FALSE
GCTA_est,0.215166,0.25,0.25,0.5,2000,2,0.9,5,0.05,5,200,EQUAL,3,FALSE
AdjHE_RE,0.4543952808136152,0.25,0.25,0.5,2000,2,0.9,5,0.05,5,200,EQUAL,3,FALSE
GCTA_est,0.39082,0.25,0.25,0.5,2000,2,0.9,5,0.05,5,200,EQUAL,3,FALSE
AdjHE_RE,0.04871922044212252,0.25,0.25,0.5,2000,2,0.9,5,0.05,5,200,EQUAL,3,FALSE
GCTA_est,0.256779,0.25,0.25,0.5,2000,2,0.9,5,0.05,5,200,EQUAL,3,FALSE
AdjHE_RE,0.7310874515714768,0.25,0.25,0.5,2000,2,0.9,5,0.05,5,200,EQUAL,3,FALSE
GCTA_est,0.447158,0.5,1e-6,0.5,2000,2,0.9,5,0.05,5,200,EQUAL,3,FALSE
AdjHE_RE,0.33888452809816244,0.5,1e-6,0.5,2000,2,0.9,5,0.05,5,200,EQUAL,3,FALSE
GCTA_est,0.21635,0.5,1e-6,0.5,2000,2,0.9,5,0.05,5,200,EQUAL,3,FALSE
AdjHE_RE,0.8290146199079969,0.5,1e-6,0.5,2000,2,0.9,5,0.05,5,200,EQUAL,3,FALSE
GCTA_est,0.489667,0.5,1e-6,0.5,2000,2,0.9,5,0.05,5,200,EQUAL,3,FALSE
AdjHE_RE,0.30060487586171736,0.5,1e-6,0.5,2000,2,0.9,5,0.05,5,200,EQUAL,3,FALSE
GCTA_est,0.611313,0.5,1e-6,0.5,2000,2,0.9,5,0.05,5,200,EQUAL,3,FALSE
AdjHE_RE,0.08833895140490933,0.5,1e-6,0.5,2000,2,0.9,5,0.05,5,200,EQUAL,3,FALSE
GCTA_est,0.469822,0.5,1e-6,0.5,2000,2,0.9,5,0.05,5,200,EQUAL,3,FALSE
AdjHE_RE,0.4395902131788336,0.5,1e-6,0.5,2000,2,0.9,5,0.05,5,200,EQUAL,3,FALSE
GCTA_est,0.39823,0.5,1e-6,0.5,2000,2,0.9,5,0.05,5,200,EQUAL,3,FALSE
AdjHE_RE,0.4323762839057565,0.5,1e-6,0.5,2000,2,0.9,5,0.05,5,200,EQUAL,3,FALSE
GCTA_est,0.410672,0.5,1e-6,0.5,2000,2,0.9,5,0.05,5,200,EQUAL,3,FALSE
AdjHE_RE,0.24332610551588948,0.5,1e-6,0.5,2000,2,0.9,5,0.05,5,200,EQUAL,3,FALSE
GCTA_est,0.544148,0.5,1e-6,0.5,2000,2,0.9,5,0.05,5,200,EQUAL,3,FALSE
AdjHE_RE,0.23742660352160017,0.5,1e-6,0.5,2000,2,0.9,5,0.05,5,200,EQUAL,3,FALSE
GCTA_est,0.368963,0.5,1e-6,0.5,2000,2,0.9,5,0.05,5,200,EQUAL,3,FALSE
AdjHE_RE,0.39358817213111774,0.5,1e-6,0.5,2000,2,0.9,5,0.05,5,200,EQUAL,3,FALSE
GCTA_est,0.406207,0.5,1e-6,0.5,2000,2,0.9,5,0.05,5,200,EQUAL,3,FALSE
AdjHE_RE,0.41686560113981264,0.5,1e-6,0.5,2000,2,0.9,5,0.05,5,200,EQUAL,3,FALSE
GCTA_est,0.715102,0.5,0.25,0.25,2000,2,0.9,5,0.05,5,200,EQUAL,3,FALSE
AdjHE_RE,0.19159789067491695,0.5,0.25,0.25,2000,2,0.9,5,0.05,5,200,EQUAL,3,FALSE
GCTA_est,0.494187,0.5,0.25,0.25,2000,2,0.9,5,0.05,5,200,EQUAL,3,FALSE
AdjHE_RE,0.361268585389781,0.5,0.25,0.25,2000,2,0.9,5,0.05,5,200,EQUAL,3,FALSE
GCTA_est,0.739584,0.5,0.25,0.25,2000,2,0.9,5,0.05,5,200,EQUAL,3,FALSE
AdjHE_RE,0.18741932395495137,0.5,0.25,0.25,2000,2,0.9,5,0.05,5,200,EQUAL,3,FALSE
GCTA_est,0.500163,0.5,0.25,0.25,2000,2,0.9,5,0.05,5,200,EQUAL,3,FALSE
AdjHE_RE,0.7368492701572185,0.5,0.25,0.25,2000,2,0.9,5,0.05,5,200,EQUAL,3,FALSE
GCTA_est,0.495155,0.5,0.25,0.25,2000,2,0.9,5,0.05,5,200,EQUAL,3,FALSE
AdjHE_RE,0.4829465875372934,0.5,0.25,0.25,2000,2,0.9,5,0.05,5,200,EQUAL,3,FALSE
GCTA_est,0.7206779999999999,0.5,0.25,0.25,2000,2,0.9,5,0.05,5,200,EQUAL,3,FALSE
AdjHE_RE,0.4768753014761915,0.5,0.25,0.25,2000,2,0.9,5,0.05,5,200,EQUAL,3,FALSE
GCTA_est,0.633798,0.5,0.25,0.25,2000,2,0.9,5,0.05,5,200,EQUAL,3,FALSE
AdjHE_RE,0.25096524897398464,0.5,0.25,0.25,2000,2,0.9,5,0.05,5,200,EQUAL,3,FALSE
GCTA_est,0.405879,0.5,0.25,0.25,2000,2,0.9,5,0.05,5,200,EQUAL,3,FALSE
AdjHE_RE,1,0.5,0.25,0.25,2000,2,0.9,5,0.05,5,200,EQUAL,3,FALSE
GCTA_est,0.5815640000000001,0.5,0.25,0.25,2000,2,0.9,5,0.05,5,200,EQUAL,3,FALSE
AdjHE_RE,0.6952954410090132,0.5,0.25,0.25,2000,2,0.9,5,0.05,5,200,EQUAL,3,FALSE
GCTA_est,0.442251,0.5,0.25,0.25,2000,2,0.9,5,0.05,5,200,EQUAL,3,FALSE
AdjHE_RE,0.79362427756151,0.5,0.25,0.25,2000,2,0.9,5,0.05,5,200,EQUAL,3,FALSE
